<?xml version="1.0" encoding="utf-8"?>
<odoo>
    <data noupdate="1">
        <!--Data habilitacion tripulante aeronave 407 -->
        <record id="habi_trip_aero_407_hne_1p" model="flight.qualification">
            <field name="tripulante_id" ref="hr.employee_hne"/>
            <field name="aeronave_id" ref="aeronave_407"/>
            <field name="habilitacion_id" ref="habilitacion01"/>                 
        </record>
        <record id="habi_trip_aero_407_lur_mec" model="flight.qualification">
            <field name="tripulante_id" ref="hr.employee_lur"/>
            <field name="aeronave_id" ref="aeronave_407"/>
            <field name="habilitacion_id" ref="habilitacion04"/>                 
        </record>
        <record id="habi_trip_aero_407_jgo_mec" model="flight.qualification">
            <field name="tripulante_id" ref="hr.employee_jgo"/>
            <field name="aeronave_id" ref="aeronave_407"/>
            <field name="habilitacion_id" ref="habilitacion04"/>                 
        </record>
        <!--Data habilitacion tripulante aeronave 405 -->
        <record id="habi_trip_aero_405_jog_1p" model="flight.qualification">
            <field name="tripulante_id" ref="hr.employee_jog"/>
            <field name="aeronave_id" ref="aeronave_405"/>
            <field name="habilitacion_id" ref="habilitacion01"/>                 
        </record>
        <record id="habi_trip_aero_405_jod_mec" model="flight.qualification">
            <field name="tripulante_id" ref="hr.employee_jod"/>
            <field name="aeronave_id" ref="aeronave_405"/>
            <field name="habilitacion_id" ref="habilitacion04"/>                 
        </record>
        <record id="habi_trip_aero_405_jep_et" model="flight.qualification">
            <field name="tripulante_id" ref="hr.employee_jep"/>
            <field name="aeronave_id" ref="aeronave_405"/>
            <field name="habilitacion_id" ref="habilitacion05"/>                 
        </record>
        <!--Data habilitacion tripulante aeronave 307 -->
        <record id="habi_trip_aero_405_hne_1p" model="flight.qualification">
            <field name="tripulante_id" ref="hr.employee_hne"/>
            <field name="aeronave_id" ref="aeronave_405"/>
            <field name="habilitacion_id" ref="habilitacion01"/>                 
        </record>
        <record id="habi_trip_aero_307_jve_2p" model="flight.qualification">
            <field name="tripulante_id" ref="hr.employee_jve"/>
            <field name="aeronave_id" ref="aeronave_405"/>
            <field name="habilitacion_id" ref="habilitacion02"/>                 
        </record>
        <record id="habi_trip_aero_307_jog_2p" model="flight.qualification">
            <field name="tripulante_id" ref="hr.employee_jog"/>
            <field name="aeronave_id" ref="aeronave_405"/>
            <field name="habilitacion_id" ref="habilitacion02"/>                 
        </record>
        <record id="habi_trip_aero_307_han_mec" model="flight.qualification">
            <field name="tripulante_id" ref="hr.employee_han"/>
            <field name="aeronave_id" ref="aeronave_405"/>
            <field name="habilitacion_id" ref="habilitacion04"/>                 
        </record>
        
    </data>
</odoo>