<?xml version="1.0" encoding="utf-8"?>
<odoo>
    <data noupdate="1">
        <!--TIPO AERONAVE ID catalogue_tipo_aeronave-->
        <record id="items_avion" model="flight.items">
            <field name="name">AVION</field>
            <field name="descripcion">AVION</field>
            <field name="catalogo_id" ref="catalogue_tipo_aeronave"/>
        </record>
        <record id="items_helicoptero" model="flight.items">
            <field name="name">HELICOPTERO</field>
            <field name="descripcion">HELICOPTERO</field>
            <field name="catalogo_id" ref="catalogue_tipo_aeronave"/>
        </record>
        <record id="items_uav" model="flight.items">
            <field name="name">UAV</field>
            <field name="descripcion">UAV</field>
            <field name="catalogo_id" ref="catalogue_tipo_aeronave"/>
        </record>
        <!--TIPO MODELO ID catalogue_modelo-->
        <record id="items_bell430" model="flight.items">
            <field name="name">BELL-430</field>
            <field name="descripcion">BELL-430</field>
            <field name="catalogo_id" ref="catalogue_modelo"/>
        </record>
        <record id="items_bell230" model="flight.items">
            <field name="name">BELL-230</field>
            <field name="descripcion">BELL-230</field>
            <field name="catalogo_id" ref="catalogue_modelo"/>
        </record>
        <record id="items_bell206" model="flight.items">
            <field name="name">BELL-206</field>
            <field name="descripcion">BELL-206</field>
            <field name="catalogo_id" ref="catalogue_modelo"/>
        </record>
        <record id="items_ska300" model="flight.items">
            <field name="name">S.K.A 300</field>
            <field name="descripcion">S.K.A 300</field>
            <field name="catalogo_id" ref="catalogue_modelo"/>
        </record>
        <record id="items_ska200" model="flight.items">
            <field name="name">S.K.A-200</field>
            <field name="descripcion">S.K.A-200</field>
            <field name="catalogo_id" ref="catalogue_modelo"/>
        </record>
        <record id="items_cn235" model="flight.items">
            <field name="name">CN 235</field>
            <field name="descripcion">CN 235</field>
            <field name="catalogo_id" ref="catalogue_modelo"/>
        </record>
        <record id="items_t35b" model="flight.items">
            <field name="name">T35 B</field>
            <field name="descripcion">T35 B</field>
            <field name="catalogo_id" ref="catalogue_modelo"/>
        </record>
        <!--TIPO TURBINA ID catalogue_tipo_turbina-->
        <record id="items_turbina_1" model="flight.items">
            <field name="name">TURBINA 1</field>
            <field name="descripcion">TIPO TURBINA 1</field>
            <field name="catalogo_id" ref="catalogue_tipo_turbina"/>
        </record>
        <record id="items_turbina_2" model="flight.items">
            <field name="name">TURBINA 2</field>
            <field name="descripcion">TIPO TURBINA 2</field>
            <field name="catalogo_id" ref="catalogue_tipo_turbina"/>
        </record>
        <record id="items_turbina_3" model="flight.items">
            <field name="name">TURBINA 3</field>
            <field name="descripcion">TIPO TURBINA 3</field>
            <field name="catalogo_id" ref="catalogue_tipo_turbina"/>
        </record>
        <!--EQUIPO DE NAVEGACIÒN ID catalogue_tipo_turbina-->
        <record id="equip_navegacion_1" model="flight.equipo.navegacion">
            <field name="name">TNL-16</field>
            <field name="descripcion">EQUIPO NAVEGACIÓN TNL-16</field>
        </record>
        <record id="equip_navegacion_2" model="flight.equipo.navegacion">
            <field name="name">ADF(TIPO KSA-806)</field>
            <field name="descripcion">EQUIPO NAVEGACIÓN ADF(TIPO KSA-806)</field>
        </record>
        <record id="equip_navegacion_3" model="flight.equipo.navegacion">
            <field name="name">DME(TIPO KDM-706)</field>
            <field name="descripcion">EQUIPO NAVEGACIÓN DME(TIPO KDM-706)</field>
        </record>
        <record id="equip_navegacion_4" model="flight.equipo.navegacion">
            <field name="name">GPS( TIPO KLN-90B)</field>
            <field name="descripcion">EQUIPO NAVEGACIÓN GPS( TIPO KLN-90B)</field>
        </record>
        <record id="equip_navegacion_5" model="flight.equipo.navegacion">
            <field name="name">TRANSPONDER(TIPO KDA-405)</field>
            <field name="descripcion">EQUIPO NAVEGACIÓN TRANSPONDER(TIPO KDA-405)</field>
        </record>
        <record id="equip_navegacion_6" model="flight.equipo.navegacion">
            <field name="name">ADF(TIPO KR-87)</field>
            <field name="descripcion">EQUIPO NAVEGACIÓN ADF(TIPO KR-87)</field>
        </record>
        <record id="equip_navegacion_7" model="flight.equipo.navegacion">
            <field name="name">2012 A 270-001 EC-101</field>
            <field name="descripcion">EQUIPO NAVEGACIÓN 2012 A 270-001 EC-101</field>
        </record>
        <record id="equip_navegacion_8" model="flight.equipo.navegacion">
            <field name="name">VOR(TIPO KNR-634A)</field>
            <field name="descripcion">EQUIPO NAVEGACIÓN VOR(TIPO KNR-634A)</field>
        </record>
        <record id="equip_navegacion_9" model="flight.equipo.navegacion">
            <field name="name">TRANSPONDER(TIPO IFF</field>
            <field name="descripcion">EQUIPO NAVEGACIÓN TRANSPONDER(TIPO IFF)</field>
        </record>
        <record id="equip_navegacion_10" model="flight.equipo.navegacion">
            <field name="name">GPS (TIPO GPS-400W)</field>
            <field name="descripcion">EQUIPO NAVEGACIÓN GPS (TIPO GPS-400W)</field>
        </record>


        <record id="equip_comunicacion_1" model="flight.equipo.comunicacion">
            <field name="name">HF</field>
            <field name="descripcion">EQUIPO DE COMUNICACIÓN HF</field>
        </record>
        <record id="equip_comunicacion_2" model="flight.equipo.comunicacion">
            <field name="name">VHF-22B</field>
            <field name="descripcion">EQUIPO DE COMUNICACIÓN VHF-22B</field>
        </record>
        <record id="equip_comunicacion_3" model="flight.equipo.comunicacion">
            <field name="name">RADIO</field>
            <field name="descripcion">EQUIPO DE COMUNICACIÓN RADIO</field>
        </record>
        <record id="equip_comunicacion_4" model="flight.equipo.comunicacion">
            <field name="name">MICROFONOS</field>
            <field name="descripcion">EQUIPO DE COMUNICACIÓN MICROFONO</field>
        </record>
        <record id="equip_comunicacion_5" model="flight.equipo.comunicacion">
            <field name="name">GPS</field>
            <field name="descripcion">EQUIPO DE COMUNICACIÓN GPS</field>
        </record>


        <record id="equip_deteccion_1" model="flight.equipo.deteccion">
            <field name="name">EQUIPO ELECTRO OPTICO(2175-09916-45)</field>
            <field name="descripcion">ED ELECTRO OPTICO(2175-09916-45)</field>
        </record>
        <record id="equip_deteccion_2" model="flight.equipo.deteccion">
            <field name="name">RADAR DE EXPLORACION AEROMARITIMA (MPR) </field>
            <field name="descripcion">ED RADAR DE EXPLORACION AEROMARITIMA (MPR)</field>
        </record>

        <record id="equip_deteccion_3" model="flight.equipo.deteccion">
            <field name="name">TIPO RADAR METEOROLOGICO RDR-2000</field>
            <field name="descripcion">ED RADAR METEOROLOGICO RDR-2000</field>
        </record>
        <record id="equip_deteccion_4" model="flight.equipo.deteccion">
            <field name="name">TIPO RADAR METEOROLOGICO RDR-1500B</field>
            <field name="descripcion">ED RADAR METEOROLOGICO RDR-1500B</field>
        </record>
        <record id="equip_deteccion_5" model="flight.equipo.deteccion">
            <field name="name">TIPO RADAR EXPLORACION RDR-1500B</field>
            <field name="descripcion">ED RADAR EXPLORACION RDR-1500B</field>
        </record>
        <record id="equip_deteccion_6" model="flight.equipo.deteccion">
            <field name="name">TIPO RADAR METEREOLOGICO WXR-300</field>
            <field name="descripcion">ED RADAR METEOROLOGICO WXR-300</field>
        </record>
        <record id="equip_deteccion_7" model="flight.equipo.deteccion">
            <field name="name">TIPO RADAR METEREOLOGICO WR-80</field>
            <field name="descripcion">ED RADAR METEOROLOGICO WR-80</field>
        </record>
        <record id="equip_deteccion_8" model="flight.equipo.deteccion">
            <field name="name">TIPO RADAR METEREOLOGICO BENDIX-KING 2021A</field>
            <field name="descripcion">ED RADAR METEOROLOGICO BENDIX-KING 2021A</field>
        </record>
        <record id="equip_deteccion_9" model="flight.equipo.deteccion">
            <field name="name">TIPO RADAR METEREOLOGICO RCA RT-4001 </field>
            <field name="descripcion">ED RADAR METEOROLOGICO RCA RT-4001</field>
        </record>
        <record id="equip_deteccion_10" model="flight.equipo.deteccion">
            <field name="name">RADAR MPR (EXPLORACION AEROMARITIMA)-1022U400-001</field>
            <field name="descripcion">ED RADAR MPR (EXPLORACION AEROMARITIMA)-1022U400-001</field>
        </record>
        <!--EQUIPOS TIPO DE SEGURO ID catalogue_tipo_seguro-->
        <record id="items_sin_seguro" model="flight.items">
            <field name="name">SIN SEGURO</field>
            <field name="descripcion">SIN SEGURO</field>
            <field name="catalogo_id" ref="catalogue_tipo_seguro"/>
        </record>
        <record id="items_seguro_vuelo" model="flight.items">
            <field name="name">SEGURO EN VUELO</field>
            <field name="descripcion">TIPO DE SEGURO COMPLETO</field>
            <field name="catalogo_id" ref="catalogue_tipo_seguro"/>
        </record>
        <record id="items_seguro_tierra" model="flight.items">
            <field name="name">SEGURO A TIERRA</field>
            <field name="descripcion">SEGURO EN TIERRA</field>
            <field name="catalogo_id" ref="catalogue_tipo_seguro"/>
        </record>
        <record id="items_seguro_completo" model="flight.items">
            <field name="name">SEGURO COMPLETO</field>
            <field name="descripcion">SEGURO COMPLETO</field>
            <field name="catalogo_id" ref="catalogue_tipo_seguro"/>
        </record>
        <record id="items_seguro_torreta" model="flight.items">
            <field name="name">SEGURO COMPLETO CON TORRETA</field>
            <field name="descripcion">SEGURO CON TORRETA</field>
            <field name="catalogo_id" ref="catalogue_tipo_seguro"/>
        </record>
        <!--RESULTADO ID catalogue_resultado-->
        <record id="items_resultado_1" model="flight.items">
            <field name="name">APTO</field>
            <field name="descripcion">APTO</field>
            <field name="catalogo_id" ref="catalogue_resultado"/>
        </record>
        <record id="items_resultado_2" model="flight.items">
            <field name="name">NO APTO</field>
            <field name="descripcion">NO APTO</field>
            <field name="catalogo_id" ref="catalogue_resultado"/>
        </record>
        <!--HORA ID catalogue_hora-->
        <record id="items_dtb" model="flight.items">
            <field name="name">DTB</field>
            <field name="descripcion">DTB</field>
            <field name="catalogo_id" ref="catalogue_hora"/>
        </record>
        <record id="items_0800" model="flight.items">
            <field name="name">08:00</field>
            <field name="descripcion">08:00</field>
            <field name="catalogo_id" ref="catalogue_hora"/>
        </record>
        <record id="items_1200" model="flight.items">
            <field name="name">12:00</field>
            <field name="descripcion">12:00</field>
            <field name="catalogo_id" ref="catalogue_hora"/>
        </record>
        <record id="items_1800" model="flight.items">
            <field name="name">18:00</field>
            <field name="descripcion">18:00</field>
            <field name="catalogo_id" ref="catalogue_hora"/>
        </record>
        <record id="items_diurno" model="flight.items">
            <field name="name">D</field>
            <field name="descripcion">DIURNO</field>
            <field name="catalogo_id" ref="catalogue_condicion"/>
        </record>
        <record id="items_nocturno" model="flight.items">
            <field name="name">N</field>
            <field name="descripcion">NOCTURNO</field>
            <field name="catalogo_id" ref="catalogue_condicion"/>
        </record>
        <record id="items_instrumental" model="flight.items">
            <field name="name">W</field>
            <field name="descripcion">INSTRUMENTAL</field>
            <field name="catalogo_id" ref="catalogue_condicion"/>
        </record>
        <record id="items_diurno_intrumental" model="flight.items">
            <field name="name">DW</field>
            <field name="descripcion">DIURNO INSTRUMENTAL</field>
            <field name="catalogo_id" ref="catalogue_condicion"/>
        </record>
        <record id="items_nocturno_intrumental" model="flight.items">
            <field name="name">NW</field>
            <field name="descripcion">NOCTURNO INSTRUMENTAL</field>
            <field name="catalogo_id" ref="catalogue_condicion"/>
        </record>
        <record id="items_link" model="flight.items">
            <field name="name">L</field>
            <field name="descripcion">SIMULADOR</field>
            <field name="catalogo_id" ref="catalogue_condicion"/>
        </record>        
    </data>
</odoo>