<?xml version="1.0" encoding="utf-8"?>
<openerp>
    <data noupdate="1">

      <!-- mitchel admin -->
        <record id="base.user_admin" model="res.users">
             <field name="groups_id" eval="[(4,ref('group_administrador_admin'))]"/>
        </record>

      <!-- ESCHEL -->
       <!-- OPERACIONES -->
        <record id="th_gestion.user_romo" model="res.users">
             <field name="groups_id" eval="[(4,ref('group_piloto_admin')),(4,ref('group_comandante_reparto'))]"/>
        </record>

        <record id="th_gestion.user_narvaez" model="res.users">
             <field name="groups_id" eval="[(4,ref('group_piloto_admin')),(4,ref('group_jefe_operaciones_reparto'))]"/>
        </record>

        <record id="th_gestion.user_zambrano" model="res.users">
             <field name="groups_id" eval="[(4,ref('group_piloto_admin')),(4,ref('group_operador_escuadron'))]"/>
        </record>

        <record id="th_gestion.user_barrezueta" model="res.users">
             <field name="groups_id" eval="[(4,ref('group_piloto_admin')),(4,ref('group_operador_escuadron'))]"/>
        </record>
       <!-- SEGURIDAD -->
        <record id="th_gestion.user_heredia" model="res.users">
             <field name="groups_id" eval="[(4,ref('group_pilotos'))]"/>
        </record>
       <!-- MANTENIMIENTO -->
        <record id="th_gestion.user_anda" model="res.users">
             <field name="groups_id" eval="[(4,ref('group_pilotos'))]"/>
        </record>

      <!-- ESCEAM -->
       <!-- OPERACIONES -->
        <record id="th_gestion.user_romo2" model="res.users">
             <field name="groups_id" eval="[(4,ref('group_piloto_admin')),(4,ref('group_comandante_reparto'))]"/>
        </record>
        <record id="th_gestion.user_narvaez2" model="res.users">
             <field name="groups_id" eval="[(4,ref('group_piloto_admin')),(4,ref('group_jefe_operaciones_reparto'))]"/>
        </record>
        <record id="th_gestion.user_zambrano2" model="res.users">
             <field name="groups_id" eval="[(4,ref('group_piloto_admin')),(4,ref('group_operador_escuadron'))]"/>
        </record>
        <record id="th_gestion.user_barrezueta2" model="res.users">
             <field name="groups_id" eval="[(4,ref('group_piloto_admin')),(4,ref('group_operador_escuadron'))]"/>
        </record>
       <!-- SEGURIDAD -->
        <record id="th_gestion.user_heredia2" model="res.users">
             <field name="groups_id" eval="[(4,ref('group_pilotos'))]"/>
        </record>
       <!-- MANTENIMIENTO -->
        <record id="th_gestion.user_anda2" model="res.users">
             <field name="groups_id" eval="[(4,ref('group_pilotos'))]"/>
        </record>

      <!-- COAVNA -->
       <!-- COMANDO -->
        <record id="th_gestion.user_nivela" model="res.users">
             <field name="groups_id" eval="[(4,ref('group_piloto_admin')),(4,ref('group_comandante_aviacion'))]"/>
        </record>
       <!-- OPERACIONES -->
        <record id="th_gestion.user_solano" model="res.users">
             <field name="groups_id" eval="[(4,ref('group_piloto_admin')),(4,ref('group_jefe_operaciones_comando'))]"/>
        </record>
        
              

    </data>
</openerp>
