<?xml version="1.0" encoding="utf-8"?>
<odoo>
    <data noupdate="1">
        <record id="catalogue_tipo_aeronave" model="flight.catalogue">
            <field name="name">TIPO AERONAVE</field>
        </record>
        <record id="catalogue_modelo" model="flight.catalogue">
            <field name="name">MODELO</field>
        </record>
        <record id="catalogue_tipo_turbina" model="flight.catalogue">
            <field name="name">TIPO DE TURBINA</field>
        </record>
        <record id="catalogue_tipo_seguro" model="flight.catalogue">
            <field name="name">TIPO DE SEGURO</field>
        </record>
        <record id="catalogue_resultado" model="flight.catalogue">
            <field name="name">RESULTADO</field>
        </record>
        <record id="catalogue_hora" model="flight.catalogue">
            <field name="name">HORA</field>
        </record>
        <record id="catalogue_condicion" model="flight.catalogue">
            <field name="name">CONDICION</field>
        </record>
    </data>
</odoo>
