<?xml version="1.0" encoding="utf-8"?>
<odoo>
    <data noupdate="1">
        <!--Data Ciudad-->
        <record id="ciudad_guayaquil" model="flight.ciudad">
            <field name="name">GUAYAQUIL</field>
            <field name="acronimo">SEGU</field>
        </record>
        <record id="ciudad_manta" model="flight.ciudad">
            <field name="name">MANTA</field>
            <field name="acronimo">SEMT</field>
        </record>
        <record id="ciudad_sancristobal" model="flight.ciudad">
            <field name="name">SAN CRISTOBAL</field>
            <field name="acronimo">SEST</field>
        </record>
        <record id="ciudad_quito" model="flight.ciudad">
            <field name="name">QUITO</field>
            <field name="acronimo">SEQM</field>
        </record>
       
    </data>
</odoo>