<?xml version="1.0" encoding="utf-8"?>
<odoo>
    <data noupdate="1">
        <!--CATEGORIAS-->
        <record id="items_categoria_mision_1" model="flight.categoria.mision">
            <field name="id">1</field>
            <field name="name">ENTRENAMIENTO</field>
            <field name="descripcion">ENTRENAMIENTO</field>

        </record>
        <record id="items_categoria_mision_2" model="flight.categoria.mision">
            <field name="id">2</field>
            <field name="name">ACTUALIZACIÓN PARCIAL</field>
            <field name="descripcion">ACTUALIZACIÓN PARCIAL</field>

        </record>
        <record id="items_categoria_mision_3" model="flight.categoria.mision">
            <field name="id">3</field>
            <field name="name">ACTUALIZACIÓN AVANZADA</field>
            <field name="descripcion">ACTUALIZACIÓN AVANZADA</field>

        </record>
        <record id="items_categoria_mision_4" model="flight.categoria.mision">
            <field name="id">4</field>
            <field name="name">ACTUALIZACIÓN TOTAL</field>
            <field name="descripcion">ACTUALIZACIÓN TOTAL</field>

        </record>
        <record id="items_categoria_mision_5" model="flight.categoria.mision">
            <field name="id">5</field>
            <field name="name">OPERACIONALES</field>
            <field name="descripcion">OPERACIONALES</field>
        </record>

        <!--MISIONES-->

        <record id="mision01" model="flight.mission.class">
            <field name="name">ALERTA</field>
            <field name="acronimo">ALERTA</field>
            <field name="categoria_mision_id">1</field>
        </record>
        <record id="mision02" model="flight.mission.class">
            <field name="name">VUELO DE PRUEBA</field>
            <field name="acronimo">HVP-DV</field>
            <field name="categoria_mision_id">1</field>
        </record>
        <record id="mision03" model="flight.mission.class">
            <field name="name">ENTRENAMIENTO DIURNO VISUAL 1</field>
            <field name="acronimo">HET-DV1</field>
            <field name="categoria_mision_id">1</field>
        </record>
        <record id="mision04" model="flight.mission.class">
            <field name="name">ENTRENAMIENTO DIURNO VISUAL 2</field>
            <field name="acronimo">HET-DV2</field>
            <field name="categoria_mision_id">1</field>
        </record>
        <record id="mision05" model="flight.mission.class">
            <field name="name">ACTUALIZACIÓN PARCIAL DIURNO VISUAL</field>
            <field name="acronimo">HAP-DV</field>
            <field name="categoria_mision_id">2</field>
        </record>
        <record id="mision06" model="flight.mission.class">
            <field name="name">ACTUALIZACIÓN AVANZADA DIURNO VISUAL</field>
            <field name="acronimo">HAA-DV</field>
            <field name="categoria_mision_id">3</field>
        </record>
        <record id="mision07" model="flight.mission.class">
            <field name="name">ACTUALIZACIÓN TOTAL DIURNO VISUAL</field>
            <field name="acronimo">HAT-DV</field>
            <field name="categoria_mision_id">4</field>
        </record>
        <record id="mision08" model="flight.mission.class">
            <field name="name">NOCTURNO</field>
            <field name="acronimo">HET-NC</field>
            <field name="categoria_mision_id">1</field>
        </record>
        <record id="mision09" model="flight.mission.class">
            <field name="name">NAVEGACIÓN DE AEROVIA</field>
            <field name="acronimo">HET-NA</field>
            <field name="categoria_mision_id">1</field>
        </record>
        <record id="mision10" model="flight.mission.class">
            <field name="name">RADIO INSTRUMENTO</field>
            <field name="acronimo">HET-RI</field>
            <field name="categoria_mision_id">1</field>
        </record>
        <record id="mision11" model="flight.mission.class">
            <field name="name">INSTRUMENTO BÁSICOS</field>
            <field name="acronimo">HET-IB</field>
            <field name="categoria_mision_id">1</field>
        </record>
    </data>
</odoo>