<?xml version="1.0" encoding="utf-8"?>
<odoo>
    <data noupdate="1">
        <!--Data aeronave-->
        <record id="aeronave_407" model="flight.aircraft">
            <field name="name">HN-407</field>
            <field name="tipo_aeronave_id" ref="items_helicoptero"/>
            <field name="modelo_id" ref="items_bell430"/>
            <field name="fecha_adquisicion">2018-12-31</field>
            <field name="anio_fabricacion">2018/12/31</field>
            <field name="tipo_turbina_id" ref="items_turbina_1"/>
            <field name="potencia">2</field>
            <field name="tipo_motor_id" ref="tipo_motor_1"/>
            <field name="velocidad_maniobra">2</field>
            <field name="longitud">2</field>
            <field name="altura">2</field>

            <field name="velocidad_economica">2</field>
            <field name="crucero_rapido">2</field>
            <field name="crucero_lento">2</field>     
            <field name="altura_maxima">2</field>

            <field name="equipo_navegacion_ids" eval="[(6, 0, [ ref('equip_navegacion_3'), ref('equip_navegacion_2')])]"/>
            <field name="equipo_comunicacion_ids" eval="[(6, 0, [ ref('equip_comunicacion_1'), ref('equip_comunicacion_2')])]"/>
            <field name="equipo_deteccion_ids" eval="[(6, 0, [ ref('equip_deteccion_1'), ref('equip_deteccion_2')])]"/>

            <field name="mision_plan_vuelo_ids" eval="[(6, 0, [ ref('mision01'), ref('mision02')])]"/>

            <field name="num_maximo_pasajeros">2</field>
            <field name="peso_max_pasajero">2</field>
            <field name="peso_tot_combustible">2</field>
            <field name="peso_max_despegue">200</field>
            <field name="cambio_radiograma">SIN NOVEDAD</field>
            <field name="escuadron_id2" ref="th_gestion.company_eschel"/>          
            <field name="tipo_seguro_id" ref="items_sin_seguro"/>
            <field name="cambio_radiograma">COAVNA-OPE-001-O</field>
            <field name="observacion_seguro">MANTENIMIENTO DE AEORNAVE</field>                      
        </record>
        
        <record id="aeronave_405" model="flight.aircraft">
            <field name="name">HN-405</field>
            <field name="tipo_aeronave_id" ref="items_helicoptero"/>
            <field name="modelo_id" ref="items_bell430"/>
            <field name="fecha_adquisicion">2018-12-31</field>
            <field name="anio_fabricacion">2018/12/31</field>
            <field name="tipo_turbina_id" ref="items_turbina_1"/>
            <field name="potencia">2</field>
            <field name="tipo_motor_id" ref="tipo_motor_1"/>
            <field name="velocidad_maniobra">2</field>
            <field name="longitud">2</field>
            <field name="altura">2</field>

            <field name="velocidad_economica">2</field>
            <field name="crucero_rapido">2</field>
            <field name="crucero_lento">2</field>     
            <field name="altura_maxima">2</field>

            <field name="equipo_navegacion_ids" eval="[(6, 0, [ ref('equip_navegacion_3'), ref('equip_navegacion_2')])]"/>
            <field name="equipo_comunicacion_ids" eval="[(6, 0, [ ref('equip_comunicacion_1'), ref('equip_comunicacion_2')])]"/>
            <field name="equipo_deteccion_ids" eval="[(6, 0, [ ref('equip_deteccion_1'), ref('equip_deteccion_2')])]"/>

            <field name="mision_plan_vuelo_ids" eval="[(6, 0, [ ref('mision01'), ref('mision02')])]"/>

            <field name="num_maximo_pasajeros">2</field>
            <field name="peso_max_pasajero">2</field>
            <field name="peso_tot_combustible">2</field>
            <field name="peso_max_despegue">200</field>
            <field name="cambio_radiograma">SIN NOVEDAD</field>     
            
            <field name="escuadron_id2" ref="th_gestion.company_esceam"/>
            <!-- <field name="escuadron_id" ref="escuadron_helicopteros"/> -->
            <field name="tipo_seguro_id" ref="items_sin_seguro"/>
            <field name="cambio_radiograma">COAVNA-OPE-001-O</field>
            <field name="observacion_seguro">MANTENIMIENTO DE AEORNAVE</field>                      
        </record>

        <record id="aeronave_307" model="flight.aircraft">
            <field name="name">HN-307</field>
            <field name="tipo_aeronave_id" ref="items_helicoptero"/>
            <field name="modelo_id" ref="items_bell230"/>
            <field name="fecha_adquisicion">2018-12-31</field>
            <field name="anio_fabricacion">2018/12/31</field>
            <field name="tipo_turbina_id" ref="items_turbina_1"/>
            <field name="potencia">2</field>
            <field name="tipo_motor_id" ref="tipo_motor_1"/>
            <field name="velocidad_maniobra">2</field>
            <field name="longitud">2</field>
            <field name="altura">2</field>

            <field name="velocidad_economica">2</field>
            <field name="crucero_rapido">2</field>
            <field name="crucero_lento">2</field>     
            <field name="altura_maxima">2</field>

            <field name="equipo_navegacion_ids" eval="[(6, 0, [ ref('equip_navegacion_3'), ref('equip_navegacion_2')])]"/>
            <field name="equipo_comunicacion_ids" eval="[(6, 0, [ ref('equip_comunicacion_1'), ref('equip_comunicacion_2')])]"/>
            <field name="equipo_deteccion_ids" eval="[(6, 0, [ ref('equip_deteccion_1'), ref('equip_deteccion_2')])]"/>

            <field name="mision_plan_vuelo_ids" eval="[(6, 0, [ ref('mision01'), ref('mision02')])]"/>

            <field name="num_maximo_pasajeros">2</field>
            <field name="peso_max_pasajero">2</field>
            <field name="peso_tot_combustible">2</field>
            <field name="peso_max_despegue">200</field>
            <field name="cambio_radiograma">SIN NOVEDAD</field>   

            <field name="escuadron_id2" ref="th_gestion.company_eschel"/>
            <!-- <field name="escuadron_id" ref="escuadron_helicopteros"/> -->
            <field name="tipo_seguro_id" ref="items_sin_seguro"/>
            <field name="cambio_radiograma">COAVNA-OPE-001-O</field>
            <field name="observacion_seguro">MANTENIMIENTO DE AEORNAVE</field>                      
        </record>
        
    </data>
</odoo>