<?xml version="1.0" encoding="utf-8"?>
<odoo>
    <data noupdate="1">
        <!-- Sequences for sale.order -->
        <record id="seq_flight_gestion_plan_semanal" model="ir.sequence">
            <field name="name">flight_gestion_plan_semanal sequence</field>
            <field name="code">flight.gestion.plan.semanal.secuencial</field>
            <field name="prefix">-</field>
            <field name="padding">5</field>
            <field name="company_id" eval="False"/>
            <field name="number_increment">1</field>
        </record>
    </data>
</odoo>
