<?xml version="1.0" encoding="utf-8"?>
<openerp>
    <data noupdate="1">
    <!--Desactivado por la DIRTIC-->
        <!-- <record id="group_create_maintenance_request" model="res.groups">
            <field name="name">Create Maintenance Request</field>
            <field name="category_id" ref="base.module_category_hidden"/>
        </record>
        
        <record model="res.users" id="base.user_root">
            <field eval="[(4,ref('group_create_maintenance_request'))]" name="groups_id"/>
        </record>

        <record model="res.users" id="base.user_admin">
            <field eval="[(4,ref('group_create_maintenance_request'))]" name="groups_id"/>
        </record>
    </data> -->

    <data noupdate="1">
     <!--Desactivado por la DIRTIC-->
        <!-- <record id="mro_request_self_not_draft" model="ir.rule">
            <field name="name">Not DRAFT self maintenance requests</field>
            <field ref="model_mro_request" name="model_id"/>
            <field name="domain_force">[('state','!=','draft'),'|',('create_uid','=',user.id),('create_uid','=',False)]</field>
            <field name="groups" eval="[(4, ref('asset.group_mro_customer'))]"/>
        </record>
        <record id="mro_request_self_draft" model="ir.rule">
            <field name="name">DRAFT self maintenance requests</field>
            <field ref="model_mro_request" name="model_id"/>
            <field name="domain_force">[('state','=','draft'),'|',('create_uid','=',user.id),('create_uid','=',False)]</field>
            <field name="groups" eval="[(4, ref('group_create_maintenance_request'))]"/>
        </record>
        <record id="mro_request_not_draft" model="ir.rule">
            <field name="name">Not DRAFT maintenance requests</field>
            <field ref="model_mro_request" name="model_id"/>
            <field name="domain_force">[('state','!=','draft')]</field>
            <field name="groups" eval="[(4, ref('asset.group_mro_user'))]"/>
        </record>
        <record id="mro_request_all" model="ir.rule">
            <field name="name">All maintenance requests</field>
            <field ref="model_mro_request" name="model_id"/>
            <field name="groups" eval="[(4, ref('asset.group_mro_manager'))]"/>
        </record>   -->

    </data>
</openerp>
