<?xml version="1.0" encoding="utf-8"?>
<openerp>
    <data noupdate="1">
        <record model="ir.module.category" id="module_category_eam">
            <field name="name">Gestion de activos</field>
            <field name="description">ayuda a administrar sus activos.</field>
            <field name="sequence">6</field>
        </record>
       
         <record model="ir.module.category" id="module_category_maintenance">
            <field name="name">Mantenimiento</field>
            <field name="description">Ayuda a administrar los mantenimientos de los activos</field>
            <field name="sequence">6</field>
        </record> 

        <record id="group_mro_customer" model="res.groups">
            <field name="name">Cliente</field>
            <field name="category_id" ref="module_category_maintenance"/>
        </record>
        
        <record id="group_mro_user" model="res.groups">
            <field name="name">Tecnico</field>
            <field name="category_id" ref="module_category_maintenance"/>
            <field name="implied_ids" eval="[(4, ref('group_mro_customer'))]"/>
        </record>

        <!--Creado por DIRTIC-->
        <record id="group_mro_mesa_ayuda" model="res.groups">
            <field name="name">Mesa de Ayuda</field>
            <field name="category_id" ref="module_category_maintenance"/>
            <field name="implied_ids" eval="[(4, ref('group_mro_user'))]"/>
        </record>

        <record id="group_mro_manager" model="res.groups">
            <field name="name">Administrador</field>
            <field name="category_id" ref="module_category_maintenance"/>
            <field name="implied_ids" eval="[(4, ref('group_mro_mesa_ayuda'))]"/>
        </record>
        
        <record model="res.users" id="base.user_root">
            <field eval="[(4,ref('group_mro_manager'))]" name="groups_id"/>
        </record>

        <record model="res.users" id="base.user_admin">
            <field eval="[(4,ref('group_mro_manager'))]" name="groups_id"/>
        </record>
    </data>

    <data noupdate="1">

    </data>
</openerp>
