<?xml version="1.0" encoding="utf-8"?>
<odoo>
    <data noupdate="1">

        <!-- Maintenance Request related subtypes for messaging / Chatter -->
        <record id="mt_request_sent" model="mail.message.subtype">
            <field name="name">Send Request</field>
            <field name="res_model">mro.request</field>
            <field name="default" eval="False"/>
            <field name="description">Maintenance Request sent</field>
        </record>
        <record id="mt_request_confirmed" model="mail.message.subtype">
            <field name="name">Confirm Request</field>
            <field name="res_model">mro.request</field>
            <field name="description">Maintenance Request confirmed</field>
        </record>
        <record id="mt_request_rejected" model="mail.message.subtype">
            <field name="name">Reject Request</field>
            <field name="res_model">mro.request</field>
            <field name="description">Maintenance Request rejected</field>
        </record>
        <record id="mt_order_confirmed" model="mail.message.subtype">
            <field name="name">Confirm Maintenance</field>
            <field name="res_model">mro.order</field>
            <field name="description">Maintenance Order confirmed</field>
        </record>

        <!-- Asset related subtypes for messaging / Chatter -->
        <record id="mt_asset_request_sent" model="mail.message.subtype">
            <field name="name">Send Request</field>
            <field name="res_model">asset.asset</field>
            <field name="default" eval="False"/>
            <field name="parent_id" eval="ref('mt_request_sent')"/>
            <field name="relation_field">asset_id</field>
        </record>
        <record id="mt_asset_request_confirmed" model="mail.message.subtype">
            <field name="name">Confirm Request</field>
            <field name="res_model">asset.asset</field>
            <field name="default" eval="False"/>
            <field name="parent_id" eval="ref('mt_request_confirmed')"/>
            <field name="relation_field">asset_id</field>
        </record>
        <record id="mt_asset_request_rejected" model="mail.message.subtype">
            <field name="name">Reject Request</field>
            <field name="res_model">asset.asset</field>
            <field name="default" eval="False"/>
            <field name="parent_id" eval="ref('mt_request_rejected')"/>
            <field name="relation_field">asset_id</field>
        </record>

        <!-- Routes -->
        <record id="route_maintenance" model='stock.location.route'>
            <field name="name">Maintenance</field>
            <field name="product_categ_selectable" eval="True"/>
            <field name="product_selectable" eval="False"/>
        </record>

        <!-- Procurement rules -->
        <record id="rule_wh_asset" model="stock.rule">
            <field name="name">WH: Stock -> Asset</field>
            <field name="action">pull</field>
            <field name="picking_type_id" ref="stock.picking_type_internal"/>
            <field name="location_src_id" ref="stock.stock_location_stock"/>
            <field name="location_id" ref="asset.stock_location_assets"/>
            <field name="route_id" ref="mro.route_maintenance"/>
        </record>

        <!-- Spare Parts Category -->
        <record id="product_category_mro" model="product.category">
            <field name="parent_id" ref="product.product_category_all"/>
            <field name="name">Parts</field>
            <field name="route_ids" eval="[(6,0,[ref('mro.route_maintenance')])]"/>
        </record>

    </data>
</odoo>
