<?xml version="1.0" encoding="utf-8"?>
<openerp>
    <data noupdate="1">
        <!-- Catalogo -->
        <record id="asset_catalogo_servicio" model="asset.catalogo">
            <field name="name">Servicios</field>
        </record>
        <record id="asset_catalogo_clase" model="asset.catalogo">
            <field name="name">Clase</field>
        </record>
        <record id="asset_catalogo_discrepancia" model="asset.catalogo">
            <field name="name">Discrepancia</field>
        </record>
        <record id="asset_catalogo_causa" model="asset.catalogo">
            <field name="name">Causa</field>
        </record>
        <record id="asset_catalogo_observacion" model="asset.catalogo">
            <field name="name">Observacion</field>
        </record>
        <record id="asset_catalogo_atributo_valor" model="asset.catalogo">
            <field name="name">Valor - Atributo -Componente</field>
        </record>

        <record id="asset_catalogo_impacto" model="asset.catalogo">
            <field name="name">Impacto</field>
        </record>
        <record id="asset_catalogo_motivo" model="asset.catalogo">
            <field name="name">Motivos</field>
        </record>
        <record id="asset_catalogo_origen" model="asset.catalogo">
            <field name="name">Origen</field>
        </record>
        <record id="asset_catalogo_tipo_mantenimiento" model="asset.catalogo">
            <field name="name">Tipo de Mantenimiento</field>
        </record>       
       

        <!-- Catalogo Item MOTIVOS-->
        <record id="items_motivo_ram" model="asset.items">
            <field name="name">Ram</field>
            <field name="descripcion">problemas con la memoria ram</field>
            <field name="catalogo_id" ref="asset_catalogo_motivo"/>
        </record>
        <record id="items_motivo_fuente" model="asset.items">
            <field name="name">Fuente de poder</field>
            <field name="descripcion">problema con la fuente de poder</field>
            <field name="catalogo_id" ref="asset_catalogo_motivo"/>
        </record>
        <record id="items_motivo_video" model="asset.items">
            <field name="name">No da imagen</field>
            <field name="descripcion">enciende pero no da imagen</field>
            <field name="catalogo_id" ref="asset_catalogo_motivo"/>
        </record>
        <record id="items_motivo_disco" model="asset.items">
            <field name="name">Disco duro</field>
            <field name="descripcion">problema con el disco duro</field>
            <field name="catalogo_id" ref="asset_catalogo_motivo"/>
        </record>

        <!-- Catalogo Item SERVICIOS-->
        <record id="items_tipo_servicio_zimbra" model="asset.items">
            <field name="name">ZIMBRA</field>
            <field name="descripcion">Problemas presentados con zimbra</field>
            <field name="catalogo_id" ref="asset_catalogo_servicio"/>
        </record>
        <record id="items_tipo_servicio_sisdon" model="asset.items">
            <field name="name">SISDON</field>
            <field name="descripcion">Problemas presentados con sisdon</field>
            <field name="catalogo_id" ref="asset_catalogo_servicio"/>
        </record>
        <record id="items_tipo_servicio_sislog" model="asset.items">
            <field name="name">SISLOG</field>
            <field name="descripcion">Problemas presentados con Sislog</field>
            <field name="catalogo_id" ref="asset_catalogo_servicio"/>
        </record>
        <record id="items_tipo_servicio_todarm" model="asset.items">
            <field name="name">TODARM</field>
            <field name="descripcion">Envio de mensajes a todarm</field>
            <field name="catalogo_id" ref="asset_catalogo_servicio"/>
        </record>
        <record id="items_tipo_servicio_atecion" model="asset.items">
            <field name="name">Atención al usuario</field>
            <field name="descripcion">Atención al usuario</field>
            <field name="catalogo_id" ref="asset_catalogo_servicio"/>
        </record>
        <record id="items_tipo_servicio_internet" model="asset.items">
            <field name="name">Internet</field>
            <field name="descripcion">Problemas presentados con internet</field>
            <field name="catalogo_id" ref="asset_catalogo_servicio"/>
        </record>
        <record id="items_tipo_servicio_vpn" model="asset.items">
            <field name="name">VPN</field>
            <field name="descripcion">Problemas presentados con vpn</field>
            <field name="catalogo_id" ref="asset_catalogo_servicio"/>
        </record>
        <record id="items_tipo_servicio_ldap" model="asset.items">
            <field name="name">LDAP</field>
            <field name="descripcion">Problemas presentados con ldap</field>
            <field name="catalogo_id" ref="asset_catalogo_servicio"/>
        </record>
        <record id="items_tipo_servicio_portales_web" model="asset.items">
            <field name="name">Portales web</field>
            <field name="descripcion">Problemas presentados con portales web</field>
            <field name="catalogo_id" ref="asset_catalogo_servicio"/>
        </record>
        <record id="items_tipo_servicio_bd" model="asset.items">
            <field name="name">Base de datos</field>
            <field name="descripcion">Problemas presentados con base de datos</field>
            <field name="catalogo_id" ref="asset_catalogo_servicio"/>
        </record>
        <record id="items_tipo_servicio_circuito" model="asset.items">
            <field name="name">Circuitos de video</field>
            <field name="descripcion">Problemas presentados con circuito de video</field>
            <field name="catalogo_id" ref="asset_catalogo_servicio"/>
        </record>
        <record id="items_tipo_servicio_datacenter" model="asset.items">
            <field name="name">Datacenter</field>
            <field name="descripcion">Problemas presentados con datacenter</field>
            <field name="catalogo_id" ref="asset_catalogo_servicio"/>
        </record>
        <record id="items_tipo_servicio_directivas" model="asset.items">
            <field name="name">Directivas</field>
            <field name="descripcion">Problemas presentados con directivas</field>
            <field name="catalogo_id" ref="asset_catalogo_servicio"/>
        </record>
        <record id="items_tipo_servicio_computo" model="asset.items">
            <field name="name">Equipos de computo</field>
            <field name="descripcion">Problemas presentados con equipos de computo</field>
            <field name="catalogo_id" ref="asset_catalogo_servicio"/>
        </record>
        <record id="items_tipo_servicio_incidentes" model="asset.items">
            <field name="name">Gestión de incidentes</field>
            <field name="descripcion">Problemas presentados con incidentes</field>
            <field name="catalogo_id" ref="asset_catalogo_servicio"/>
        </record>
        <record id="items_tipo_servicio_icron" model="asset.items">
            <field name="name">ICRON</field>
            <field name="descripcion">Problemas presentados con icron</field>
            <field name="catalogo_id" ref="asset_catalogo_servicio"/>
        </record>
        <record id="items_tipo_servicio_lan" model="asset.items">
            <field name="name">Red</field>
            <field name="descripcion">Problemas presentados con red lan</field>
            <field name="catalogo_id" ref="asset_catalogo_servicio"/>
        </record>
        <record id="items_tipo_servicio_sigein" model="asset.items">
            <field name="name">SIGEIN</field>
            <field name="descripcion">Problemas presentados con sigein</field>
            <field name="catalogo_id" ref="asset_catalogo_servicio"/>
        </record>

        <!-- Catalogo Item IMPACTO-->
        <record id="items_tipo_impacto_departamento" model="asset.items">
            <field name="name">Un departamento</field>
            <field name="descripcion">impacto a un departamento</field>
            <field name="catalogo_id" ref="asset_catalogo_impacto"/>
        </record>
        <record id="items_tipo_impacto_servicio" model="asset.items">
            <field name="name">Un servicio</field>
            <field name="descripcion">impacto a un servicio</field>
            <field name="catalogo_id" ref="asset_catalogo_impacto"/>
        </record>
        <record id="items_tipo_impacto_persona" model="asset.items">
            <field name="name">Una persona</field>
            <field name="descripcion">impacto a una persona</field>
            <field name="catalogo_id" ref="asset_catalogo_impacto"/>
        </record>

        <!-- Subcategoria para ZIMBRA-->
        <record id="items_subcategoria_zimbra_clave" model="asset.subcategoria">
            <field name="name">Cambio de clave</field>
            <field name="descripcion">peticion de cambio de clave</field>
            <field name="items_id" ref="items_tipo_servicio_zimbra"/>
        </record>
        <record id="items_subcategoria_zimbra_maletin" model="asset.subcategoria">
            <field name="name">Maletin</field>
            <field name="descripcion">peticion de sobre maletin</field>
            <field name="items_id" ref="items_tipo_servicio_zimbra"/>
        </record>

        <!-- Subcategoria para SISDON-->
        <record id="items_subcategoria_sisdon_estructura" model="asset.subcategoria">
            <field name="name">Creación de estructura</field>
            <field name="descripcion">creación de reparto</field>
            <field name="items_id" ref="items_tipo_servicio_sisdon"/>
        </record>
        <record id="items_subcategoria_sisdon_certificado" model="asset.subcategoria">
            <field name="name">Instalación de certificado</field>
            <field name="descripcion">certificado para realizar firma electrónica</field>
            <field name="items_id" ref="items_tipo_servicio_sisdon"/>
        </record>

        <!-- Catalogo Item ORIGEN-->
        <record id="items_origen_telefono" model="asset.items">
            <field name="name">Teléfono</field>
            <field name="descripcion">teléfono</field>
            <field name="catalogo_id" ref="asset_catalogo_origen"/>
        </record>
        <record id="items_origen_correo" model="asset.items">
            <field name="name">Correo</field>
            <field name="descripcion">correo</field>
            <field name="catalogo_id" ref="asset_catalogo_origen"/>
        </record>
        <record id="items_origen_personal" model="asset.items">
            <field name="name">Personal</field>
            <field name="descripcion">personal</field>
            <field name="catalogo_id" ref="asset_catalogo_origen"/>
        </record>
        <record id="items_origen_sistema" model="asset.items">
            <field name="name">Sistema</field>
            <field name="descripcion">sistema</field>
            <field name="catalogo_id" ref="asset_catalogo_origen"/>
        </record>

        <!-- Catalogo Item TIPO DE MANTENIMIENTO-->
        <record id="items_tipo_mantenimiento_descompuesto" model="asset.items">
            <field name="name">Descompuesto</field>
            <field name="descripcion">Descompuesto</field>
            <field name="catalogo_id" ref="asset_catalogo_tipo_mantenimiento"/>
        </record>
        <record id="items_tipo_mantenimiento_correctivo" model="asset.items">
            <field name="name">Correctivo</field>
            <field name="descripcion">Correctivo</field>
            <field name="catalogo_id" ref="asset_catalogo_tipo_mantenimiento"/>
        </record>


        <!-- Catalogo Item GRUPO-->
        <record id="items_grupo_infraestructura" model="asset.grupo">
            <field name="name">Infraestructura</field>
        </record>
        <record id="items_grupo_virtualizacion" model="asset.grupo">
            <field name="name">Virtualización</field>
        </record>
        <record id="items_grupo_usuario_final" model="asset.grupo">
            <field name="name">Dispositivos de Usuario Final</field>
        </record>
        <record id="items_grupo_software" model="asset.grupo">
            <field name="name">Software y Aplicaciones</field>
        </record>
        <record id="items_grupo_miscelanea" model="asset.grupo">
            <field name="name">Misceláneo</field>
        </record>
        

    </data>
    <data noupdate="1">
        <record id="items_discrepancia11" model="asset.items">
            <field name="name">Discrepancia 2</field>
            <field name="descripcion">Discrepancia 2</field>
            <field name="catalogo_id" ref="asset_catalogo_discrepancia"/>
        </record>

        <record id="items_causa11" model="asset.items">
            <field name="name">Causa 2</field>
            <field name="descripcion">Causa 2</field>
            <field name="catalogo_id" ref="asset_catalogo_causa"/>
        </record>
    </data>
</openerp>
