<?xml version="1.0" encoding="utf-8"?>
<openerp>
    <data>
        <!-- Marca -->
        <record id="asset_marca_acer" model="asset.marca">
            <field name="name">Acer</field>
        </record>
        <record id="asset_marca_asus" model="asset.marca">
            <field name="name">Asus</field>
        </record>
        <record id="asset_marca_lenovo" model="asset.marca">
            <field name="name">Lenovo</field>
        </record>
        <record id="asset_marca_hp" model="asset.marca">
            <field name="name">Hp</field>
        </record>

        <!-- Modelo -->
         <record id="asset_modelo1" model="asset.modelo">
            <field name="marca_id" ref="asset_marca_acer"/>
            <field name="name">Aspire 5</field>
        </record>
        <record id="asset_modelo2" model="asset.modelo">
            <field name="marca_id" ref="asset_marca_acer"/>
            <field name="name">Aspire Gx</field>
        </record>
        <record id="asset_modelo3" model="asset.modelo">
            <field name="marca_id" ref="asset_marca_acer"/>
            <field name="name">Aspire C 22</field>
        </record>        
        <record id="asset_modelo4" model="asset.modelo">
            <field name="marca_id" ref="asset_marca_asus"/>
            <field name="name">Tuf b450</field>
        </record>
        <record id="asset_modelo5" model="asset.modelo">
            <field name="marca_id" ref="asset_marca_asus"/>
            <field name="name">Rog Strix</field>
        </record>
        <record id="asset_modelo6" model="asset.modelo">
            <field name="marca_id" ref="asset_marca_asus"/>
            <field name="name">Rog Zenith</field>
        </record>
        <record id="asset_modelo7" model="asset.modelo">
            <field name="marca_id" ref="asset_marca_lenovo"/>
            <field name="name">Ideapad 330</field>
        </record>
        <record id="asset_modelo8" model="asset.modelo">
            <field name="marca_id" ref="asset_marca_lenovo"/>
            <field name="name">ThinkPad t490</field>
        </record>
        <record id="asset_modelo9" model="asset.modelo">
            <field name="marca_id" ref="asset_marca_lenovo"/>
            <field name="name">ThinkPad p52</field>
        </record>
        <record id="asset_modelo10" model="asset.modelo">
            <field name="marca_id" ref="asset_marca_hp"/>
            <field name="name">Hp Spectre</field>
        </record>
        <record id="asset_modelo11" model="asset.modelo">
            <field name="marca_id" ref="asset_marca_hp"/>
            <field name="name">Hp Envy</field>
        </record>
        <record id="asset_modelo12" model="asset.modelo">
            <field name="marca_id" ref="asset_marca_hp"/>
            <field name="name">Hp Pavilion</field>
        </record>
        <record id="asset_modelo13" model="asset.modelo">
            <field name="marca_id" ref="asset_marca_hp"/>
            <field name="name">Hp Elitebook Folio G1</field>
        </record>

        <!-- Atributos VARIANTES -->
        <record id="product_attribute_s_o" model="product.attribute">
            <field name="name">Sistema Operativo</field>
            <field name="sequence">2</field>
            <field name="is_used_on_products">False</field>
        </record>
        <record id="product_attribute_ofimatica" model="product.attribute">
            <field name="name">Ofimática</field>
            <field name="sequence">1</field>
            <field name="is_used_on_products">False</field>
        </record>
        <record id="product_attribute_mascara" model="product.attribute">
            <field name="name">Mascara de Red</field>
            <field name="sequence">3</field>
            <field name="is_used_on_products">False</field>
        </record>

        <!-- VALORES ATRIBUTOS -->
        <!-- Sistema Operativo -->
        <record id="product_attributevalue_1" model="product.attribute.value">
            <field name="name">Windows Xp</field>
            <field name="attribute_id" ref="product_attribute_s_o"/>
            <field name="sequence">1</field>
        </record>
        <record id="product_attributevalue_2" model="product.attribute.value">
            <field name="name">Windows 7</field>
            <field name="attribute_id" ref="product_attribute_s_o"/>
            <field name="sequence">2</field>
        </record>
        <record id="product_attributevalue_3" model="product.attribute.value">
            <field name="name">Windows 8.1</field>
            <field name="attribute_id" ref="product_attribute_s_o"/>
            <field name="sequence">3</field>
        </record>
        <record id="product_attributevalue_4" model="product.attribute.value">
            <field name="name">Windows 10</field>
            <field name="attribute_id" ref="product_attribute_s_o"/>
            <field name="sequence">4</field>
        </record>

        <!-- Ofimatica -->
        <record id="product_attributevalue_off_2000" model="product.attribute.value">
            <field name="name">Office 2000</field>
            <field name="attribute_id" ref="product_attribute_ofimatica"/>
            <field name="sequence">1</field>
        </record>
        <record id="product_attributevalue_off_2013" model="product.attribute.value">
            <field name="name">Windows 2013</field>
            <field name="attribute_id" ref="product_attribute_ofimatica"/>
            <field name="sequence">2</field>
        </record>
        <record id="product_attributevalue_off_2016" model="product.attribute.value">
            <field name="name">Windows 2016</field>
            <field name="attribute_id" ref="product_attribute_ofimatica"/>
            <field name="sequence">3</field>
        </record>

        <!-- Mascara de Red -->
        <record id="product_attributevalue_mascara_a" model="product.attribute.value">
            <field name="name">255.0.0.0</field>
            <field name="attribute_id" ref="product_attribute_mascara"/>
            <field name="sequence">1</field>
        </record>
        <record id="product_attributevalue_mascara_b" model="product.attribute.value">
            <field name="name">255.255.0.0</field>
            <field name="attribute_id" ref="product_attribute_mascara"/>
            <field name="sequence">1</field>
        </record>
        <record id="product_attributevalue_mascara_c" model="product.attribute.value">
            <field name="name">255.255.255.0</field>
            <field name="attribute_id" ref="product_attribute_mascara"/>
            <field name="sequence">1</field>
        </record>


        <!-- Categorias -->
        <record id="asset_categoria_computadora" model="asset.category">
            <field name="name">Computadoras</field>
            <field name="grupo_id" ref="items_grupo_usuario_final"/>
        </record>
        <record id="asset_categoria_impresora" model="asset.category">
            <field name="name">Impresoras</field>
            <field name="grupo_id" ref="items_grupo_usuario_final"/>
        </record>
        <record id="asset_categoria_laptop" model="asset.category">
            <field name="name">Laptop</field>
            <field name="grupo_id" ref="items_grupo_usuario_final"/>
        </record>

        <!-- asset.categoria.servicio -->
        <record id="asset_computadora_usuario" model="asset.categoria.servicio">
            <field name="categoria_id" ref="asset_categoria_computadora"/>
            <field name="servicio_id" ref="items_tipo_servicio_atecion"/>
        </record>

        <!--  asset.subcategoria -->
        <record id="subcategoria_atencion" model="asset.subcategoria">
             <field name="name">AAAA</field>
            <field name="descripcion">aa</field>
            <field name="items_id" ref="items_tipo_servicio_atecion"/>
        </record>

        <!-- Asset Categoria Atributo -->
        <record id="asset_categoria_atributo_pc_so" model="asset.categoria.atributo">
            <field name="categoria_id" ref="asset_categoria_computadora"/>
            <field name="atributo_id" ref="product_attribute_s_o"/>
        </record>
        <record id="asset_categoria_atributo_pc_off" model="asset.categoria.atributo">
            <field name="categoria_id" ref="asset_categoria_computadora"/>
            <field name="atributo_id" ref="product_attribute_ofimatica"/>
        </record>
        <record id="asset_categoria_atributo_pc_mascara" model="asset.categoria.atributo">
            <field name="categoria_id" ref="asset_categoria_computadora"/>
            <field name="atributo_id" ref="product_attribute_mascara"/>
        </record>

        <!-- Asset Componentes -->
        <record id="asset_componente_ram" model="asset.componente">
            <field name="name">Ram</field>
            <field name="categoria_id" ref="asset_categoria_computadora"/>
        </record>
        <record id="asset_componente_mainboard" model="asset.componente">
            <field name="name">Mainboard</field>
            <field name="categoria_id" ref="asset_categoria_computadora"/>
        </record>
        <record id="asset_componente_fuente_poder" model="asset.componente">
            <field name="name">Fuente de Poder</field>
            <field name="categoria_id" ref="asset_categoria_computadora"/>
        </record>
        <record id="asset_componente_disco_duro" model="asset.componente">
            <field name="name">Disco Duro</field>
            <field name="categoria_id" ref="asset_categoria_computadora"/>
        </record>
        <record id="asset_componente_procesador" model="asset.componente">
            <field name="name">Procesador</field>
            <field name="categoria_id" ref="asset_categoria_computadora"/>
        </record>

        <!-- Asset Componentes-Atributos -->
        <!-- RAM -->
        <record id="asset_atributo_ram_tipo" model="asset.atributo">
            <field name="name">Tipo</field>
            <field name="componente_id" ref="asset_componente_ram"/>
        </record>
        <record id="asset_atributo_ram_frecuencia" model="asset.atributo">
            <field name="name">Frecuencia</field>
            <field name="componente_id" ref="asset_componente_ram"/>
        </record>

        <!-- MAINBOARD -->
        <record id="asset_atributo_mainboard_ranura" model="asset.atributo">
            <field name="name">Ranuras</field>
            <field name="componente_id" ref="asset_componente_mainboard"/>
        </record>
        <record id="asset_atributo_mainboard_puerto" model="asset.atributo">
            <field name="name">Puertos</field>
            <field name="componente_id" ref="asset_componente_mainboard"/>
        </record>

        <!-- FUENTE DE PODER -->
        <record id="asset_atributo_regulador_tipo" model="asset.atributo">
            <field name="name">Tipo</field>
            <field name="componente_id" ref="asset_componente_fuente_poder"/>
        </record>
        <record id="asset_atributo_regulador_potencia" model="asset.atributo">
            <field name="name">Potencia</field>
            <field name="componente_id" ref="asset_componente_fuente_poder"/>
        </record>

        <!-- DISCO DURO -->
        <record id="asset_atributo_disco_capacidad" model="asset.atributo">
            <field name="name">Capacidad</field>
            <field name="componente_id" ref="asset_componente_disco_duro"/>
        </record>

        <!-- PROCESADOR -->
        <record id="asset_atributo_procesador_nucleos" model="asset.atributo">
            <field name="name">Nucleos</field>
            <field name="componente_id" ref="asset_componente_procesador"/>
        </record>
        <record id="asset_atributo_procesador_hilos" model="asset.atributo">
            <field name="name">Número de Hilos</field>
            <field name="componente_id" ref="asset_componente_procesador"/>
        </record>
    </data>
</openerp>
