<?xml version="1.0" encoding="utf-8"?>
<openerp>
    <data noupdate="1">
        <!-- Data de Equipos  -->
        <record id="asset_des_pc1" model="asset.asset">
            <field name="name">PC-DIRTIC-DES-001</field>
            <field name="categoria_id" ref="asset_categoria_computadora"/>
            <field name="reparto_id" ref="th_gestion.company_dirtic"/>
            <field name="marca_id" ref="asset_marca_acer"/>
            <field name="modelo_id" ref="asset_modelo1"/>
            <field name="asset_number">1410107001.073c7</field>
            <field name="reparto_id" ref="th_gestion.company_dirtic"/>           
        </record>
        <record id="asset_des_pc2" model="asset.asset">
            <field name="name">PC-DIRTIC-DES-002</field>
            <field name="categoria_id" ref="asset_categoria_computadora"/>
            <field name="reparto_id" ref="th_gestion.company_dirtic"/>
            <field name="marca_id" ref="asset_marca_asus"/>
            <field name="modelo_id" ref="asset_modelo4"/>
            <field name="asset_number">1410107001.073c8</field>
            <field name="reparto_id" ref="th_gestion.company_dirtic"/>           
        </record>
        <record id="asset_des_pc3" model="asset.asset">
            <field name="name">PC-DIRTIC-DES-003</field>
            <field name="categoria_id" ref="asset_categoria_computadora"/>
            <field name="reparto_id" ref="th_gestion.company_dirtic"/>
            <field name="marca_id" ref="asset_marca_lenovo"/>
            <field name="modelo_id" ref="asset_modelo7"/>
            <field name="asset_number">1410107001.073c9</field>
            <field name="reparto_id" ref="th_gestion.company_dirtic"/>           
        </record>
        <record id="asset_des_pc4" model="asset.asset">
            <field name="name">PC-DIRTIC-DES-004</field>
            <field name="categoria_id" ref="asset_categoria_computadora"/>
            <field name="reparto_id" ref="th_gestion.company_dirtic"/>
            <field name="marca_id" ref="asset_marca_hp"/>
            <field name="modelo_id" ref="asset_modelo10"/>
            <field name="asset_number">1410107001.073c1</field>
            <field name="reparto_id" ref="th_gestion.company_dirtic"/>           
        </record>
        <record id="asset_des_pc5" model="asset.asset">
            <field name="name">PC-DIRTIC-DES-005</field>
            <field name="categoria_id" ref="asset_categoria_computadora"/>
            <field name="reparto_id" ref="th_gestion.company_dirtic"/>           
            <field name="marca_id" ref="asset_marca_acer"/>
            <field name="modelo_id" ref="asset_modelo1"/>
            <field name="asset_number">1410107001.073c2</field>
            <field name="reparto_id" ref="th_gestion.company_dirtic"/>           
        </record>
    </data>
</openerp>
