<odoo>
    <data noupdate="1">
        <record id="asset_catalogo_servicio_telefoniaip" model="asset.items">
            <field name="name">Telefonia Ip</field>
            <field name="descripcion">Telefonia Ip</field>
            <field name="catalogo_id" ref="asset_catalogo_servicio"/>
        </record>
        <record id="asset_catalogo_servicio_seguridad" model="asset.items">
            <field name="name">Seguridad</field>
            <field name="descripcion">Seguridad</field>
            <field name="catalogo_id" ref="asset_catalogo_servicio"/>
        </record>

        <record id="asset_catalogo_servicio_token" model="asset.items">
            <field name="name">Token</field>
            <field name="descripcion">Token</field>
            <field name="catalogo_id" ref="asset_catalogo_servicio"/>
        </record>

        <!--asset_servicio_equiposdecomputo -->
        <record id="asset_scateg_equicomp_mantpre" model="asset.subcategoria">
            <field name="name">Mantenimiento Preventivo</field>
            <field name="descripcion">Usamos esta subcategoria cuando se va a realizar un mantenimiento preventivo a un activo</field>
            <field name="items_id" ref="items_tipo_servicio_computo"/>
        </record>
        <record id="asset_scateg_equicomp_mantcorr" model="asset.subcategoria">
            <field name="name">Mantenimiento Correctivo</field>
            <field name="descripcion">Usamos esta subcategoria cuando se va a realizar un mantenimiento correctivo a un activo</field>
            <field name="items_id" ref="items_tipo_servicio_computo"/>
        </record>
        <record id="asset_scateg_equicomp_instprog" model="asset.subcategoria">
            <field name="name">Instalacion de programas</field>
            <field name="descripcion">Usamos esta subcategoria cuando se va a instalar programas en un equipo</field>
            <field name="items_id" ref="items_tipo_servicio_computo"/>
        </record>
        <record id="asset_scateg_equicomp_so" model="asset.subcategoria">
            <field name="name">Sistema operativo</field>
            <field name="descripcion">Usamos esta subcategoria cuando se va a dar soporte del sistema operativo de un quipo de computacion</field>
            <field name="items_id" ref="items_tipo_servicio_computo"/>
        </record>

        <!--items_tipo_servicio_zimbra-->
        <record id="asset_scateg_equicomp_zimbra_creacion" model="asset.subcategoria">
            <field name="name">Coreccion de correo</field>
            <field name="descripcion">Usamos esta subcategoria cuando se va crear una cuenta de correo ZIMBRA</field>
            <field name="items_id" ref="items_tipo_servicio_zimbra"/>
        </record>
        <record id="asset_scateg_zimbra_reseteo" model="asset.subcategoria">
            <field name="name">Reseteo de Clave</field>
            <field name="descripcion">Usamos esta subcategoria cuando se va a realizar un reseteo de clave de un correo zimbra</field>
            <field name="items_id" ref="items_tipo_servicio_zimbra"/>
        </record>
        <record id="asset_scateg_equicomp_zimbra_capac" model="asset.subcategoria">
            <field name="name">Aumento de capacidad</field>
            <field name="descripcion">Usamos esta subcategoria cuando se va aunmentar la capacidad de almacenamiento del correo zimbra</field>
            <field name="items_id" ref="items_tipo_servicio_zimbra"/>
        </record>
        <record id="asset_scateg_equicomp_zimbra_correnombre" model="asset.subcategoria">
            <field name="name">Coreccion del nombre</field>
            <field name="descripcion">Usamos esta subcategoria cuando se va Coorregir el nombre del usuario</field>
            <field name="items_id" ref="items_tipo_servicio_zimbra"/>
        </record>
        <record id="asset_scateg_equicomp_zimbra_correnombre" model="asset.subcategoria">
            <field name="name">Creacion de listas</field>
            <field name="descripcion">Usamos esta subcategoria cuando se va a crear listas de correos</field>
            <field name="items_id" ref="items_tipo_servicio_zimbra"/>
        </record>

        <record id="asset_scateg_sisdon_firma" model="asset.subcategoria">
            <field name="name">Firmar documentos</field>
            <field name="descripcion">Usamos esta subcategoria cuando se va un soporte para poder firmar un documento en el sisdon</field>
            <field name="items_id" ref="items_tipo_servicio_sisdon"/>
        </record>
        <record id="asset_scateg_sisdon_cargcolcrear" model="asset.subcategoria">
            <field name="name">Crear cargo colateral</field>
            <field name="descripcion">Usamos esta subcategoria cuando se va a crear un cargo colateral en el sisdon</field>
            <field name="items_id" ref="items_tipo_servicio_sisdon"/>
        </record>
        <record id="asset_scateg_sisdon_cargcoleditar" model="asset.subcategoria">
            <field name="name">Editar cargo colateral</field>
            <field name="descripcion">Usamos esta subcategoria cuando se va a editar un cargo colateral en el sisdon</field>
            <field name="items_id" ref="items_tipo_servicio_sisdon"/>
        </record>
        <record id="asset_scateg_sisdon_cargcolelim" model="asset.subcategoria">
            <field name="name">Eliminar cargo colateral</field>
            <field name="descripcion">Usamos esta subcategoria cuando se va a eliminar un cargo colateral en el sisdon</field>
            <field name="items_id" ref="items_tipo_servicio_sisdon"/>
        </record>

        <!--VPN-->
        <record id="tics_scateg_vpn_crear" model="asset.subcategoria">
            <field name="name">Crear VPN</field>
            <field name="descripcion">Usamos esta subcategoria cuando se va a crear una VPN</field>
            <field name="items_id" ref="items_tipo_servicio_vpn"/>
        </record>

        <!--TELEFONIA IP-->
        <record id="asset_scateg_telefoniaip_conf" model="asset.subcategoria">
            <field name="name">Configurar un telefono ip</field>
            <field name="descripcion">Usamos esta subcategoria cuando se va a configurar un telefono IP</field>
            <field name="items_id" ref="asset_catalogo_servicio_telefoniaip"/>
        </record>
        <record id="asset_scateg_telefoniaiP_arreg" model="asset.subcategoria">
            <field name="name">Arreglar un telefono IP</field>
            <field name="descripcion">Usamos esta subcategoria cuando se va dar soporte a un telefono IP</field>
            <field name="items_id" ref="asset_catalogo_servicio_telefoniaip"/>
        </record>

        <!--SERVICIOS DE RED-->
        <record id="asset_scateg_red_bloqueo" model="asset.subcategoria">
            <field name="name">Bloqueo de puerto</field>
            <field name="descripcion">Usamos esta subcategoria cuando se va a desbloquear un puerto de red</field>
            <field name="items_id" ref="items_tipo_servicio_lan"/>
        </record>
        <record id="asset_scateg_red_creacion" model="asset.subcategoria">
            <field name="name">Creacion de puertos</field>
            <field name="descripcion">Usamos esta subcategoria cuando se va crear un puerto de red</field>
            <field name="items_id" ref="items_tipo_servicio_lan"/>
        </record>
        <record id="asset_scateg_red_confred" model="asset.subcategoria">
            <field name="name">Configuracion de red</field>
            <field name="descripcion">Usamos esta subcategoria cuando se va configurar una red</field>
            <field name="items_id" ref="items_tipo_servicio_lan"/>
        </record>

        <!--SERVICIOS DE SEGURIDAD-->
        <record id="asset_scateg_seguridad_spam" model="asset.subcategoria">
            <field name="name">Mensajes spam</field>
            <field name="descripcion">Usamos esta subcategoria cuando se a revisar una cuenta por mensajes spam</field>
            <field name="items_id" ref="asset_catalogo_servicio_seguridad"/>
        </record>

        <!--SERVICIOS DE SISLOG-->
        <record id="asset_scateg_sislog_permisos" model="asset.subcategoria">
            <field name="name">Permisos de Sislog</field>
            <field name="descripcion">Usamos esta subcategoria cuando se van asignar permisos de sislog </field>
            <field name="items_id" ref="items_tipo_servicio_sislog"/>
        </record>
        <record id="asset_scateg_sislog_sumilla" model="asset.subcategoria">
            <field name="name">Cambio de sumillas en reportes</field>
            <field name="descripcion">Usamos esta subcategoria cuando se va a cambiar las sumillas de los docuemntos de sislog</field>
            <field name="items_id" ref="items_tipo_servicio_sislog"/>
        </record>
        <record id="asset_scateg_sislog_instalacion" model="asset.subcategoria">
            <field name="name">Instalacion de sislog</field>
            <field name="descripcion">Usamos esta subcategoria cuando se va a instalar un modulo de sislog</field>
            <field name="items_id" ref="items_tipo_servicio_sislog"/>
        </record>

        <!--SERVICIOS DE INTERNET-->
        <record id="asset_scateg_internet_permisospag" model="asset.subcategoria">
            <field name="name">Permisos de acceso a paginas</field>
            <field name="descripcion">Usamos esta subcategoria cuando se habilitar permisos en paginas de internet </field>
            <field name="items_id" ref="items_tipo_servicio_internet"/>
        </record>
        <record id="asset_scateg_internet_permisosip" model="asset.subcategoria">
            <field name="name">Permisos de direccion IP</field>
            <field name="descripcion">Usamos esta subcategoria cuando se a dar permisos al internet por IP </field>
            <field name="items_id" ref="items_tipo_servicio_internet"/>
        </record>
        <record id="asset_scateg_internet_anchodbanda" model="asset.subcategoria">
            <field name="name">Ancho de banda</field>
            <field name="descripcion">Usamos esta subcategoria cuando se va a asignar o aumentar el ancho de banda del internet</field>
            <field name="items_id" ref="items_tipo_servicio_internet"/>
        </record>

        <!--TODARM-->
        <record id="asset_scateg_mensajetodarm_envio" model="asset.subcategoria">
            <field name="name">Envio de mensajes a TODARM</field>
            <field name="descripcion">Usamos esta subcategoria cuando enviara un mensaje a TODARM</field>
            <field name="items_id" ref="items_tipo_servicio_todarm"/>
        </record>

        <!--TOKEN-->
        <record id="asset_scateg_token_revocacion" model="asset.subcategoria">
            <field name="name">Revocacion</field>
            <field name="descripcion">Usamos esta subcategoria cuando se va a revocar un dispositivo token</field>
            <field name="items_id" ref="asset_catalogo_servicio_token"/>
        </record>
        <record id="asset_scateg_token_cadcertificados" model="asset.subcategoria">
            <field name="name">Caducidad de certificados</field>
            <field name="descripcion">Usamos esta subcategoria cuando se actualizara certificados por caducidad </field>
            <field name="items_id" ref="asset_catalogo_servicio_token"/>
        </record>
        <record id="asset_scateg_token_certreparto" model="asset.subcategoria">
            <field name="name">Actualizacion del reparto en el certificado</field>
            <field name="descripcion">Usamos esta subcategoria cuando se va a actualizara el reparto del certificado</field>
            <field name="items_id" ref="asset_catalogo_servicio_token"/>
        </record>
    </data>
</odoo>