<odoo>
  <data>
    <!-- explicit list view definition -->

    <record model="ir.ui.view" id="flight_vuelos_planificados_coavna_tree">
      <field name="name">flight.vuelos.planificados</field>
      <field name="model">flight.vuelos.planificados</field>
      <field name="arch" type="xml">
        <tree create="0">
          <field name="fecha_vuelo" />
          <field name="hora" />
          <field name="aeronave_id" />
          <field name="mecanico_ids" />
          <field name="taco_id" />
          <field name="ingeniero_vuelo_id"/>
          <field name="operador_electro_id"/>
          <field name="electricista_ids"/>
          <field name="electronico_ids"/>
          <field name="rutas_ids"/>
          <field name="mision"/>
        </tree>
      </field>
    </record>

    <record id="flight_vuelos_planificados_coavna_search" model="ir.ui.view">
      <field name="name">flight.vuelos.planificados</field>
      <field name="model">flight.vuelos.planificados</field>
      <field name="arch" type="xml">
        <search string="Search Flight">
          <!-- <field name="name" /> -->    
          <field name="aeronave_id"/>
          <!-- <field name="referencia_ov_pvs_id" /> -->
          <separator/>
          <group expand="0" string="Group By">
            <filter name="search_fecha_vuelo_anio" string="anio" context="{'group_by': 'fecha_vuelo:year'}" />
            <filter name="search_fecha_vuelo_mes" string="mes" context="{'group_by': 'fecha_vuelo:month'}" />
            <filter name="search_fecha_vuelo_semana" string="semana" context="{'group_by': 'fecha_vuelo:week'}" />
            <filter name="search_aeronave" string="Fecha de Vuelo" context="{'group_by': 'aeronave_id'}" />
            <filter name="search_fecha_vuelo" string="Fecha de Vuelo" context="{'group_by': 'fecha_vuelo'}" />
            <!-- <filter name="search_referencia_ov_pvs_id" string="Plan de vuelo semanal" context="{'group_by': 'referencia_ov_pvs_id'}" /> -->
          </group>
        </search>
      </field>
    </record>

    <record model="ir.actions.act_window" id="action_vuelos_planificados_coavna">
      <field name="name">PLAN DE VUELO SEMANAL COAVNA</field>
      <field name="res_model">flight.vuelos.planificados</field>
      <field name="view_mode">tree</field>
      <field name="search_view_id" ref="flight.flight_vuelos_planificados_coavna_search"/>
      <field name="view_ids" eval="[(5, 0, 0),
                (0, 0, {'view_mode': 'tree', 'view_id': ref('flight.flight_vuelos_planificados_coavna_tree')}),
                ]"/>
      <!-- <field name="domain">[('state','in',['APROBADO_COMANDANTE_COAVNA','FIN']),('reparto_usuario_login','=',allowed_company_ids[0])]</field> -->
      
      <!-- <field name="domain">[('habilitacion_id','in',['PILOTO','COPILOTO'])]</field> -->
      <field name="context" eval="{'search_default_search_fecha_vuelo_anio':1,'search_default_search_fecha_vuelo_mes':1,'search_default_search_fecha_vuelo_semana':1}"></field>
    </record>

    <!-- server action to the one above -->
    <menuitem name="PLAN DE VUELO SEMANAL" id="submenu_vuelos_planificados_coavna" parent="menu_flight_reports" groups="flight.group_pilotos,flight.group_jefe_operaciones_reparto,flight.group_operador_escuadron,flight.group_jefe_operaciones_comando,flight.group_comandante_aviacion" action="action_vuelos_planificados_coavna" sequence="5"/>
  </data>
</odoo>