
<odoo>
  <data>
    <!-- explicit list view definition -->

    <record model="ir.ui.view" id="flight_registro_dotacion_tree_5">
      <field name="name">flight.registro.dotacion</field>
      <field name="model">flight.registro.dotacion</field>
      <field name="arch" type="xml">
        <tree create="0">
          <!-- <field name="name"/> -->
          <!-- <field name="mision_related_ok" /> -->
          <field name="aeronave_id_related" />
          <field name="tripulante_id" />
          <field name="habilitacion_id" />         
          <field name="mision_related_ok" />
          <field name="hora_inicio_related" />
          <field name="hora_fin_related" />
          <field name="horas_de_vuelo_related" />          
          
          <!-- <field name="referencia_ov_pvs_id" />
          <field name="referencia"/> -->
        </tree>
      </field>
    </record>

    <record id="flight_registro_dotacion_search_5" model="ir.ui.view">
      <field name="name">flight.registro.dotacion</field>
      <field name="model">flight.registro.dotacion</field>
      <field name="arch" type="xml">
        <search string="Search Flight">
          <!-- <field name="name" /> -->
          <!-- <field name="mision_related" widget="many2many_tags"/> -->
          <field name="mision_related_ok" />
          <!-- <field name="referencia_ov_pvs_id" /> -->
          <separator/>
          <group expand="0" string="Group By">
            <filter name="search_hora_inicio_related_anio" string="Tipo de Vuelo" context="{'group_by': 'hora_inicio_related:year'}" />
            <filter name="search_hora_inicio_related_mes" string="Fecha Inicio" context="{'group_by': 'hora_inicio_related:month'}" />
            <filter name="search_mision_related_ok" string="Tipo de Vuelo" context="{'group_by': 'mision_related_ok'}" />
            <!-- <filter name="search_referencia_ov_pvs_id" string="Plan de vuelo semanal" context="{'group_by': 'referencia_ov_pvs_id'}" /> -->
          </group>
        </search>
      </field>
    </record>


    <!-- actions opening views on models -->
    <!--field name="limit">2</field-->
    <record model="ir.actions.act_window" id="action_registro_dotacion_5">
      <field name="name">VUELOS POR MISION/MENSUAL</field>
      <field name="res_model">flight.registro.dotacion</field>
      <field name="view_mode">tree</field>
      <field name="search_view_id" ref="flight.flight_registro_dotacion_search_5"/>
      <field name="view_ids" eval="[(5, 0, 0),
                (0, 0, {'view_mode': 'tree', 'view_id': ref('flight.flight_registro_dotacion_tree_5')})]"/>
      <!-- <field name="domain">[('state','in',['APROBADO_COMANDANTE_COAVNA','FIN']),('reparto_usuario_login','=',allowed_company_ids[0])]</field> -->
      <field name="domain">[('habilitacion_id','in',['PILOTO','COPILOTO'])]</field>
      <field name="context" eval="{'search_default_search_hora_inicio_related_anio':1,'search_default_search_hora_inicio_related_mes':1,'search_default_search_mision_related_ok':1}"></field>
    </record>

    <!-- server action to the one above -->
    <menuitem name="VUELOS POR MISION/MENSUAL" id="submenu_registro_dotacion_5" parent="menu_flight_reports" groups="flight.group_pilotos,flight.group_jefe_operaciones_reparto,flight.group_operador_escuadron,flight.group_jefe_operaciones_comando,flight.group_comandante_aviacion" action="action_registro_dotacion_5" sequence="5"/>
  </data>
</odoo>