<?xml version="1.0" encoding="utf-8"?>
<openerp>
    <data>
        <!-- Division data -->

        <!-- Departamento de Desarrollo de Sistemas TIC -->
        <record id="div_ingenieria_diseño" model="hr.division">
            <field name="name">Div. Ingeniería de Diseño</field>
            <field name="departamento_id" ref="department_subdireccion_desarrollo"/>
        </record>
        <record id="div_ingenieria_software" model="hr.division">
            <field name="name">Div. Ingeniería de Software</field>
            <field name="departamento_id" ref="department_subdireccion_desarrollo"/>
        </record>
        <record id="div_verif_valid_prueba" model="hr.division">
            <field name="name">Div. Verificación, Validación y Pruebas</field>
            <field name="departamento_id" ref="department_subdireccion_desarrollo"/>
        </record>

        <!-- Departamento de Infraestructura de Sistemas TIC -->
        <record id="div_admin_servicios" model="hr.division">
            <field name="name">Div. Ingeniería de Diseño</field>
            <field name="departamento_id" ref="department_subdireccion_infraestructura"/>
        </record>
        <record id="div_centro_datos" model="hr.division">
            <field name="name">Div. de Centros de Datos</field>
            <field name="departamento_id" ref="department_subdireccion_infraestructura"/>
        </record>
        <record id="div_comunicacion_naval" model="hr.division">
            <field name="name">Div. Comunicaciones Navales</field>
            <field name="departamento_id" ref="department_subdireccion_infraestructura"/>
        </record>

        <!-- Departamento de Seguridad de Sistemas TIC -->
        <record id="div_admin_seg_info" model="hr.division">
            <field name="name">Div. Administración Seguridad Info</field>
            <field name="departamento_id" ref="department_subdireccion_seguridad"/>
        </record>
        <record id="div_csirt" model="hr.division">
            <field name="name">Div. CSIRT</field>
            <field name="departamento_id" ref="department_subdireccion_seguridad"/>
        </record>
        <record id="div_gestion_riesgo_seg_info" model="hr.division">
            <field name="name">Div. Gestión Riesgos Seguridad Info</field>
            <field name="departamento_id" ref="department_subdireccion_seguridad"/>
        </record>
         <record id="div_interop_estandar" model="hr.division">
            <field name="name">Div. de Interop y Estandarizacion</field>
            <field name="departamento_id" ref="department_subdireccion_seguridad"/>
        </record>

         <!-- Departamento de Sostenimiento TIC -->
        <record id="div_soporte_tecnico" model="hr.division">
            <field name="name">Div. Soporte Técnico</field>
            <field name="departamento_id" ref="department_subdireccion_sostenimiento"/>
        </record>
        <record id="div_supervisionactivotic" model="hr.division">
            <field name="name">Div. Supervisión TIC</field>
            <field name="departamento_id" ref="department_subdireccion_sostenimiento"/>
        </record>
        <record id="div_mantenimiento" model="hr.division">
            <field name="name">Div. Mantenimiento</field>
            <field name="departamento_id" ref="department_subdireccion_sostenimiento"/>
        </record>
    </data>
</openerp>
