<?xml version="1.0" encoding="utf-8"?>
<openerp>
    <data>
        <!-- Departamento data -->
        <!-- Primer Nivel -->
        <record id="department_dirtic_direccion" model="hr.department">
            <field name="name">Dirección</field>
            <field name="company_id" ref="th_gestion.company_dirtic"/>
        </record>

        <!-- Segundo Nivel -->
        <record id="department_dirtic_subdireccion" model="hr.department">
            <field name="name">Subdirección Técnica</field>
            <field name="company_id" ref="th_gestion.company_dirtic"/>
            <field name="parent_id" ref="department_dirtic_direccion"/>
        </record>
        <record id="department_dirtic_apoyo_admin" model="hr.department">
            <field name="name">Unidad de Apoyo Administrativo</field>
            <field name="company_id" ref="th_gestion.company_dirtic"/>
            <field name="parent_id" ref="department_dirtic_direccion"/>
        </record>
        <record id="department_dirtic_planif_desarr" model="hr.department">
            <field name="name">Unidad de Planificación y Desarrollo</field>
            <field name="company_id" ref="th_gestion.company_dirtic"/>
            <field name="parent_id" ref="department_dirtic_direccion"/>
        </record>

        <!-- Tercer Nivel -->
        <record id="department_subdireccion_desarrollo" model="hr.department">
            <field name="name">Departamento de Desarrollo de Sistemas TIC</field>
            <field name="company_id" ref="th_gestion.company_dirtic"/>
            <field name="parent_id" ref="department_dirtic_subdireccion"/>
        </record>
        <record id="department_subdireccion_infraestructura" model="hr.department">
            <field name="name">Departamento de Infraestructura TIC</field>
            <field name="company_id" ref="th_gestion.company_dirtic"/>
            <field name="parent_id" ref="department_dirtic_subdireccion"/>
        </record>
        <record id="department_subdireccion_seguridad" model="hr.department">
            <field name="name">Departamento de Seguridad TIC</field>
            <field name="company_id" ref="th_gestion.company_dirtic"/>
            <field name="parent_id" ref="department_dirtic_subdireccion"/>
        </record>
        <record id="department_subdireccion_sostenimiento" model="hr.department">
            <field name="name">Departamento de Sostenimiento TIC</field>
            <field name="company_id" ref="th_gestion.company_dirtic"/>
            <field name="parent_id" ref="department_dirtic_subdireccion"/>
        </record>

        <!-- Departamento ESCHEL data -->
        <!-- Primer Nivel -->
        <record id="department_eschel_direccion" model="hr.department">
            <field name="name">Dirección Eschel</field>
            <field name="company_id" ref="th_gestion.company_eschel"/>
        </record>
        <!-- Segundo Nivel -->
        <record id="department_eschel_subdireccion" model="hr.department">
            <field name="name">Subdirección Técnica</field>
            <field name="company_id" ref="th_gestion.company_eschel"/>
            <field name="parent_id" ref="department_eschel_direccion"/>
        </record>

        <!-- Tercer Nivel -->
        <record id="department_eschel_subdireccion_operaciones" model="hr.department">
            <field name="name">Departamento de Operaciones de ESCHEL</field>
            <field name="company_id" ref="th_gestion.company_eschel"/>
            <field name="parent_id" ref="department_eschel_subdireccion"/>
        </record>
        <record id="department_eschel_subdireccion_seguridad" model="hr.department">
            <field name="name">Departamento de Seguridad de ESCHEL</field>
            <field name="company_id" ref="th_gestion.company_eschel"/>
            <field name="parent_id" ref="department_eschel_subdireccion"/>
        </record>
        <record id="department_eschel_subdireccion_mantenimiento" model="hr.department">
            <field name="name">Departamento de Mantenimiento de ESCHEL</field>
            <field name="company_id" ref="th_gestion.company_eschel"/>
            <field name="parent_id" ref="department_eschel_subdireccion"/>
        </record>



        <!-- Departamento ESCEAM data -->
        <!-- Primer Nivel -->
        <record id="department_esceam_direccion" model="hr.department">
            <field name="name">Dirección Esceam</field>
            <field name="company_id" ref="th_gestion.company_esceam"/>
        </record>

        <!-- Segundo Nivel -->
        <record id="department_esceam_subdireccion" model="hr.department">
            <field name="name">Subdirección Técnica Esceam</field>
            <field name="company_id" ref="th_gestion.company_esceam"/>
            <field name="parent_id" ref="department_esceam_direccion"/>
        </record>

        <!-- Tercer Nivel -->
        <record id="department_esceam_subdireccion_operaciones" model="hr.department">
            <field name="name">Departamento de Operaciones de ESCEAM</field>
            <field name="company_id" ref="th_gestion.company_esceam"/>
            <field name="parent_id" ref="department_esceam_subdireccion"/>
        </record>
        <record id="department_esceam_subdireccion_seguridad" model="hr.department">
            <field name="name">Departamento de Seguridad de ESCEAM</field>
            <field name="company_id" ref="th_gestion.company_esceam"/>
            <field name="parent_id" ref="department_esceam_subdireccion"/>
        </record>
        <record id="department_esceam_subdireccion_mantenimiento" model="hr.department">
            <field name="name">Departamento de Mantenimiento de ESCEAM</field>
            <field name="company_id" ref="th_gestion.company_esceam"/>
            <field name="parent_id" ref="department_esceam_subdireccion"/>
        </record>

        <!-- Departamento COAVNA data -->
        <!-- Primer Nivel -->
        <record id="department_coavna_direccion" model="hr.department">
            <field name="name">Dirección Coavna</field>
            <field name="company_id" ref="th_gestion.company_coavna"/>
        </record>

        <!-- Segundo Nivel -->
        <record id="department_coavna_subdireccion" model="hr.department">
            <field name="name">Subdirección Técnica Coavna</field>
            <field name="company_id" ref="th_gestion.company_coavna"/>
            <field name="parent_id" ref="department_coavna_direccion"/>
        </record>

        <!-- Tercer Nivel -->
        <record id="department_coavna_subdireccion_operaciones" model="hr.department">
            <field name="name">Departamento de Operaciones de COAVNA</field>
            <field name="company_id" ref="th_gestion.company_coavna"/>
            <field name="parent_id" ref="department_coavna_subdireccion"/>
        </record>
        <record id="department_coavna_subdireccion_seguridad" model="hr.department">
            <field name="name">Departamento de Seguridad de COAVNA</field>
            <field name="company_id" ref="th_gestion.company_coavna"/>
            <field name="parent_id" ref="department_coavna_subdireccion"/>
        </record>
        <record id="department_coavna_subdireccion_mantenimiento" model="hr.department">
            <field name="name">Departamento de Mantenimiento de COAVNA</field>
            <field name="company_id" ref="th_gestion.company_coavna"/>
            <field name="parent_id" ref="department_coavna_subdireccion"/>
        </record>

    </data>
</openerp>
