<?xml version="1.0" encoding="utf-8"?>
<openerp>
    <data >
       
        <record id="hr_josue_ortega" model="hr.employee">
            <field name="name">Josue Ortega</field>
            <field name="grado_id" ref="hr_grado_tnnv"/>
            <field name="especialidad_id" ref="hr_especialidad_ig"/>
            <field name="company_id" ref="th_gestion.company_dirtic"/>
            <field name="department_id" ref="th_gestion_hr.department_subdireccion_desarrollo"/>
        </record>
        <record id="hr_moran_denny" model="hr.employee">
            <field name="name">Dennys Moran</field>
            <field name="grado_id" ref="hr_grado_cbop"/>
            <field name="especialidad_id" ref="hr_especialidad_if"/>
            <field name="company_id" ref="th_gestion.company_dirtic"/>
            <field name="department_id" ref="th_gestion_hr.department_subdireccion_desarrollo"/>
            <field name="parent_id" ref="hr_josue_ortega"/> 
            <field name="user_id" ref="th_gestion.user_moran"/>           
        </record>
         <record id="hr_macancela" model="hr.employee">
            <field name="name">Adrian Macancela</field>
            <field name="grado_id" ref="hr_grado_cbop"/>
            <field name="especialidad_id" ref="hr_especialidad_if"/>
            <field name="company_id" ref="th_gestion.company_dirtic"/>
            <field name="department_id" ref="th_gestion_hr.department_subdireccion_desarrollo"/>
            <field name="parent_id" ref="hr_josue_ortega"/>  
             <field name="user_id" ref="th_gestion.user_macancela"/>              
        </record>
        <record id="hr_quito_sandro" model="hr.employee">
            <field name="name">Quito Sandro</field>
            <field name="grado_id" ref="hr_grado_maro"/>
            <field name="especialidad_id" ref="hr_especialidad_if"/>
            <field name="company_id" ref="th_gestion.company_dirtic"/>
            <field name="department_id" ref="th_gestion_hr.department_subdireccion_desarrollo"/>
            <field name="parent_id" ref="hr_josue_ortega"/>  
             <field name="user_id" ref="th_gestion.user_quito"/>           
        </record>
        <record id="hr_tamami_carlos" model="hr.employee">
            <field name="name">Tamami Carlos</field>
            <field name="grado_id" ref="hr_grado_maro"/>
            <field name="especialidad_id" ref="hr_especialidad_if"/>
            <field name="company_id" ref="th_gestion.company_dirtic"/>
            <field name="department_id" ref="th_gestion_hr.department_subdireccion_desarrollo"/>
            <field name="parent_id" ref="hr_josue_ortega"/>  
             <field name="user_id" ref="th_gestion.user_tamami"/>           
        </record>

          <!-- Empleados de eschel -->
       <!-- direccion -->
        <record id="hr_romo" model="hr.employee">
            <field name="name">ROMO</field>
            <field name="grado_id" ref="hr_grado_cpfg"/>
            <field name="especialidad_id" ref="hr_especialidad_av"/>
            <field name="company_id" ref="th_gestion.company_eschel"/>
            <field name="department_id" ref="th_gestion_hr.department_eschel_direccion"/>
            <field name="user_id" ref="th_gestion.user_romo"/>
        </record>

         <!-- operaciones -->
        <record id="hr_pablo_narvaez" model="hr.employee">
            <field name="name">PABLO NARVAEZ</field>
            <field name="grado_id" ref="hr_grado_tnnv"/>
            <field name="especialidad_id" ref="hr_especialidad_av"/>
            <field name="company_id" ref="th_gestion.company_eschel"/>
            <field name="department_id" ref="th_gestion_hr.department_eschel_subdireccion_operaciones"/>
            <field name="user_id" ref="th_gestion.user_narvaez"/>
        </record>

        <record id="hr_zambrano_harlen" model="hr.employee">
            <field name="name">ZAMBRANO HARLEN</field>
            <field name="grado_id" ref="hr_grado_cbos"/>
             <field name="especialidad_id" ref="hr_especialidad_if"/>
            <field name="company_id" ref="th_gestion.company_eschel"/>
            <field name="department_id" ref="th_gestion_hr.department_eschel_subdireccion_operaciones"/>
            <field name="parent_id" ref="hr_pablo_narvaez"/>
            <field name="user_id" ref="th_gestion.user_zambrano"/>
        </record>

        <record id="hr_barrezueta_eddy" model="hr.employee">
            <field name="name">BARREZUETA EDDY</field>
            <field name="grado_id" ref="hr_grado_cbos"/>
             <field name="especialidad_id" ref="hr_especialidad_im"/>
            <field name="company_id" ref="th_gestion.company_eschel"/>
            <field name="department_id" ref="th_gestion_hr.department_eschel_subdireccion_operaciones"/>
            <field name="parent_id" ref="hr_pablo_narvaez"/>
            <field name="user_id" ref="th_gestion.user_barrezueta"/>
        </record>
       <!-- Seguridad -->
        <record id="hr_patricio_heredia" model="hr.employee">
            <field name="name">PATRICIO HEREDIA</field>
            <field name="grado_id" ref="hr_grado_tnfg"/>
            <field name="especialidad_id" ref="hr_especialidad_av"/>
            <field name="company_id" ref="th_gestion.company_eschel"/>
            <field name="department_id" ref="th_gestion_hr.department_eschel_subdireccion_seguridad"/>
            <field name="user_id" ref="th_gestion.user_heredia"/>
        </record>

        <record id="hr_victor_valverde" model="hr.employee">
            <field name="name">VICTOR VALVERDE</field>
            <field name="grado_id" ref="hr_grado_cbos"/>
            <field name="especialidad_id" ref="hr_especialidad_et"/>
            <field name="company_id" ref="th_gestion.company_eschel"/>
            <field name="department_id" ref="th_gestion_hr.department_eschel_subdireccion_seguridad"/>
            <field name="parent_id" ref="hr_patricio_heredia"/>
            <field name="user_id" ref="th_gestion.user_valverde_victor"/>
        </record>
       <!-- Mantenimiento -->
        <record id="hr_mario_anda" model="hr.employee">
            <field name="name">MARIO ANDA</field>
            <field name="grado_id" ref="hr_grado_tnnv"/>
            <field name="especialidad_id" ref="hr_especialidad_av"/>
            <field name="company_id" ref="th_gestion.company_eschel"/>
            <field name="department_id" ref="th_gestion_hr.department_eschel_subdireccion_mantenimiento"/>
            <field name="user_id" ref="th_gestion.user_anda"/>
        </record>

        <record id="hr_mario_rivera" model="hr.employee">
            <field name="name">MARIO RIVERA</field>
            <field name="grado_id" ref="hr_grado_cbos"/>
            <field name="especialidad_id" ref="hr_especialidad_mc"/>
            <field name="company_id" ref="th_gestion.company_eschel"/>
            <field name="department_id" ref="th_gestion_hr.department_eschel_subdireccion_mantenimiento"/>
            <field name="parent_id" ref="hr_mario_anda"/>
            <field name="user_id" ref="th_gestion.user_rivera_mario"/>
        </record>

        <record id="hr_leonor_salazar" model="hr.employee">
            <field name="name">LEONOR SALAZAR</field>
            <field name="grado_id" ref="hr_grado_cbos"/>
            <field name="especialidad_id" ref="hr_especialidad_mc"/>
            <field name="company_id" ref="th_gestion.company_eschel"/>
            <field name="department_id" ref="th_gestion_hr.department_eschel_subdireccion_mantenimiento"/>
            <field name="parent_id" ref="hr_mario_anda"/>
            <field name="user_id" ref="th_gestion.user_salazar"/>
        </record>

        <record id="hr_carlos_rivera" model="hr.employee">
            <field name="name">CARLOS RIVERA</field>
            <field name="grado_id" ref="hr_grado_cbos"/>
            <field name="especialidad_id" ref="hr_especialidad_mc"/>
            <field name="company_id" ref="th_gestion.company_eschel"/>
            <field name="department_id" ref="th_gestion_hr.department_eschel_subdireccion_mantenimiento"/>
            <field name="parent_id" ref="hr_mario_anda"/>
            <field name="user_id" ref="th_gestion.user_rivera_carlos"/>
        </record>

        <record id="hr_gerson_narvaez" model="hr.employee">
            <field name="name">GERSON NARVAEZ</field>
            <field name="grado_id" ref="hr_grado_cbos"/>
            <field name="especialidad_id" ref="hr_especialidad_et"/>
            <field name="company_id" ref="th_gestion.company_eschel"/>
            <field name="department_id" ref="th_gestion_hr.department_eschel_subdireccion_mantenimiento"/>
            <field name="parent_id" ref="hr_mario_anda"/>
            <field name="user_id" ref="th_gestion.user_gerson_narvaez"/>
        </record>


        <record id="hr_cristobal_coque" model="hr.employee">
            <field name="name">CRISTOBAL COQUE</field>
            <field name="grado_id" ref="hr_grado_cbos"/>
            <field name="especialidad_id" ref="hr_especialidad_et"/>
            <field name="company_id" ref="th_gestion.company_eschel"/>
            <field name="department_id" ref="th_gestion_hr.department_eschel_subdireccion_mantenimiento"/>
            <field name="parent_id" ref="hr_mario_anda"/>
            <field name="user_id" ref="th_gestion.user_coque_cristobal"/>
        </record>


      <!-- Empleados de esceam -->
       <!-- direccion -->
        <record id="hr_romo2" model="hr.employee">
            <field name="name">ROMO2</field>
            <field name="grado_id" ref="hr_grado_cpfg"/>
            <field name="especialidad_id" ref="hr_especialidad_av"/>
            <field name="company_id" ref="th_gestion.company_esceam"/>
            <field name="department_id" ref="th_gestion_hr.department_eschel_direccion"/>
            <field name="user_id" ref="th_gestion.user_romo2"/>
        </record>

       
       
       <!-- operaciones -->
        <record id="hr_pablo_narvaez2" model="hr.employee">
            <field name="name">PABLO NARVAEZ2</field>
            <field name="grado_id" ref="hr_grado_tnnv"/>
            <field name="especialidad_id" ref="hr_especialidad_av"/>
            <field name="company_id" ref="th_gestion.company_esceam"/>
            <field name="department_id" ref="th_gestion_hr.department_eschel_subdireccion_operaciones"/>
            <field name="user_id" ref="th_gestion.user_narvaez2"/>
        </record>

        <record id="hr_zambrano_harlen2" model="hr.employee">
            <field name="name">ZAMBRANO HARLEN2</field>
            <field name="grado_id" ref="hr_grado_cbos"/>
             <field name="especialidad_id" ref="hr_especialidad_if"/>
            <field name="company_id" ref="th_gestion.company_esceam"/>
            <field name="department_id" ref="th_gestion_hr.department_eschel_subdireccion_operaciones"/>
            <field name="parent_id" ref="hr_pablo_narvaez"/>
            <field name="user_id" ref="th_gestion.user_zambrano2"/>
        </record>

        <record id="hr_barrezueta_eddy2" model="hr.employee">
            <field name="name">BARREZUETA EDDY2</field>
            <field name="grado_id" ref="hr_grado_cbos"/>
             <field name="especialidad_id" ref="hr_especialidad_im"/>
            <field name="company_id" ref="th_gestion.company_esceam"/>
            <field name="department_id" ref="th_gestion_hr.department_eschel_subdireccion_operaciones"/>
            <field name="parent_id" ref="hr_pablo_narvaez"/>
            <field name="user_id" ref="th_gestion.user_barrezueta2"/>
        </record>
       <!-- Seguridad -->
        <record id="hr_patricio_heredia2" model="hr.employee">
            <field name="name">PATRICIO HEREDIA2</field>
            <field name="grado_id" ref="hr_grado_tnfg"/>
            <field name="especialidad_id" ref="hr_especialidad_av"/>
            <field name="company_id" ref="th_gestion.company_esceam"/>
            <field name="department_id" ref="th_gestion_hr.department_eschel_subdireccion_seguridad"/>
            <field name="user_id" ref="th_gestion.user_heredia2"/>
        </record>

        <record id="hr_victor_valverde2" model="hr.employee">
            <field name="name">VICTOR VALVERDE2</field>
            <field name="grado_id" ref="hr_grado_cbos"/>
            <field name="especialidad_id" ref="hr_especialidad_et"/>
            <field name="company_id" ref="th_gestion.company_esceam"/>
            <field name="department_id" ref="th_gestion_hr.department_eschel_subdireccion_seguridad"/>
            <field name="parent_id" ref="hr_patricio_heredia"/>
            <field name="user_id" ref="th_gestion.user_valverde_victor2"/>
        </record>

       <!-- Mantenimiento -->
        <record id="hr_mario_anda2" model="hr.employee">
            <field name="name">MARIO ANDA2</field>
            <field name="grado_id" ref="hr_grado_tnnv"/>
            <field name="especialidad_id" ref="hr_especialidad_av"/>
            <field name="company_id" ref="th_gestion.company_esceam"/>
            <field name="department_id" ref="th_gestion_hr.department_esceam_subdireccion_mantenimiento"/>
            <field name="user_id" ref="th_gestion.user_anda2"/>
        </record>

        <record id="hr_mario_rivera2" model="hr.employee">
            <field name="name">MARIO RIVERA2</field>
            <field name="grado_id" ref="hr_grado_cbos"/>
            <field name="especialidad_id" ref="hr_especialidad_mc"/>
            <field name="company_id" ref="th_gestion.company_esceam"/>
            <field name="department_id" ref="th_gestion_hr.department_esceam_subdireccion_mantenimiento"/>
            <field name="parent_id" ref="hr_mario_anda"/>
            <field name="user_id" ref="th_gestion.user_rivera_mario2"/>
        </record>

        <record id="hr_leonor_salazar2" model="hr.employee">
            <field name="name">LEONOR SALAZAR2</field>
            <field name="grado_id" ref="hr_grado_cbos"/>
            <field name="especialidad_id" ref="hr_especialidad_mc"/>
            <field name="company_id" ref="th_gestion.company_esceam"/>
            <field name="department_id" ref="th_gestion_hr.department_esceam_subdireccion_mantenimiento"/>
            <field name="parent_id" ref="hr_mario_anda"/>
            <field name="user_id" ref="th_gestion.user_salazar2"/>
        </record>

        <record id="hr_carlos_rivera2" model="hr.employee">
            <field name="name">CARLOS RIVERA2</field>
            <field name="grado_id" ref="hr_grado_cbos"/>
            <field name="especialidad_id" ref="hr_especialidad_mc"/>
            <field name="company_id" ref="th_gestion.company_esceam"/>
            <field name="department_id" ref="th_gestion_hr.department_esceam_subdireccion_mantenimiento"/>
            <field name="parent_id" ref="hr_mario_anda"/>
            <field name="user_id" ref="th_gestion.user_rivera_carlos2"/>
        </record>

        <record id="hr_gerson_narvaez2" model="hr.employee">
            <field name="name">GERSON NARVAEZ2</field>
            <field name="grado_id" ref="hr_grado_cbos"/>
            <field name="especialidad_id" ref="hr_especialidad_et"/>
            <field name="company_id" ref="th_gestion.company_esceam"/>
            <field name="department_id" ref="th_gestion_hr.department_esceam_subdireccion_mantenimiento"/>
            <field name="parent_id" ref="hr_mario_anda"/>
            <field name="user_id" ref="th_gestion.user_gerson_narvaez2"/>
        </record>


        <record id="hr_cristobal_coque2" model="hr.employee">
            <field name="name">CRISTOBAL COQUE2</field>
            <field name="grado_id" ref="hr_grado_cbos"/>
            <field name="especialidad_id" ref="hr_especialidad_et"/>
            <field name="company_id" ref="th_gestion.company_esceam"/>
            <field name="department_id" ref="th_gestion_hr.department_esceam_subdireccion_mantenimiento"/>
            <field name="parent_id" ref="hr_mario_anda"/>
            <field name="user_id" ref="th_gestion.user_coque_cristobal2"/>
        </record>



      <!-- Empleados de COAVNA -->
       <!-- direccion -->
        <record id="hr_nivela" model="hr.employee">
            <field name="name">NIVELA</field>
            <field name="grado_id" ref="hr_grado_cpnv"/>
            <field name="especialidad_id" ref="hr_especialidad_av"/>
            <field name="company_id" ref="th_gestion.company_coavna"/>
            <field name="department_id" ref="th_gestion_hr.department_coavna_direccion"/>
            <field name="user_id" ref="th_gestion.user_nivela"/>
        </record>

       
       
       <!-- operaciones -->
        <record id="hr_solano" model="hr.employee">
            <field name="name">SOLANO</field>
            <field name="grado_id" ref="hr_grado_tnfg"/>
            <field name="especialidad_id" ref="hr_especialidad_av"/>
            <field name="company_id" ref="th_gestion.company_coavna"/>
            <field name="department_id" ref="th_gestion_hr.department_coavna_subdireccion_operaciones"/>
            <field name="user_id" ref="th_gestion.user_solano"/>
        </record>

        <record id="hr_barrionuevo" model="hr.employee">
            <field name="name">BARRIONUEVO</field>
            <field name="grado_id" ref="hr_grado_sgos"/>
             <field name="especialidad_id" ref="hr_especialidad_av"/>
            <field name="company_id" ref="th_gestion.company_coavna"/>
            <field name="department_id" ref="th_gestion_hr.department_coavna_subdireccion_operaciones"/>
            <field name="parent_id" ref="hr_solano"/>
        </record>

       <!-- Seguridad -->
        <record id="hr_valverde" model="hr.employee">
            <field name="name">VALVERDE</field>
            <field name="grado_id" ref="hr_grado_tnfg"/>
            <field name="especialidad_id" ref="hr_especialidad_av"/>
            <field name="company_id" ref="th_gestion.company_coavna"/>
            <field name="department_id" ref="th_gestion_hr.department_coavna_subdireccion_seguridad"/>
        </record>

        <record id="hr_garcia" model="hr.employee">
            <field name="name">GARCIA</field>
            <field name="grado_id" ref="hr_grado_subs"/>
            <field name="especialidad_id" ref="hr_especialidad_et"/>
            <field name="company_id" ref="th_gestion.company_coavna"/>
            <field name="department_id" ref="th_gestion_hr.department_coavna_subdireccion_seguridad"/>
            <field name="parent_id" ref="hr_valverde"/>
        </record>

       <!-- Mantenimiento -->
        <record id="hr_alexis_chica" model="hr.employee">
            <field name="name">ALEXIS CHICA</field>
            <field name="grado_id" ref="hr_grado_tnnv"/>
            <field name="especialidad_id" ref="hr_especialidad_av"/>
            <field name="company_id" ref="th_gestion.company_coavna"/>
            <field name="department_id" ref="th_gestion_hr.department_coavna_subdireccion_mantenimiento"/>
        </record>

        <record id="hr_wagner_gonzalez" model="hr.employee">
            <field name="name">WAGNER GONZALEZ</field>
            <field name="grado_id" ref="hr_grado_cbos"/>
            <field name="especialidad_id" ref="hr_especialidad_mc"/>
            <field name="company_id" ref="th_gestion.company_coavna"/>
            <field name="department_id" ref="th_gestion_hr.department_coavna_subdireccion_mantenimiento"/>
            <field name="parent_id" ref="hr_alexis_chica"/>
        </record>

        <record id="hr_bryan_leon" model="hr.employee">
            <field name="name">BRYAN LEON</field>
            <field name="grado_id" ref="hr_grado_cbos"/>
            <field name="especialidad_id" ref="hr_especialidad_el"/>
            <field name="company_id" ref="th_gestion.company_coavna"/>
            <field name="department_id" ref="th_gestion_hr.department_coavna_subdireccion_mantenimiento"/>
            <field name="parent_id" ref="hr_alexis_chica"/>
        </record>

    </data>
</openerp>
