<?xml version="1.0" encoding="utf-8"?>
<openerp>
    <data>
        <record id="hr_especialidad_cn" model="hr.especialidad">
            <field name="name">CN</field>
            <field name="nombre_completo">Ciencias Navales</field>
        </record>
        <record id="hr_especialidad_mc" model="hr.especialidad">
            <field name="name">MC</field>
            <field name="nombre_completo">Mecánico</field>
        </record>
        <record id="hr_especialidad_et" model="hr.especialidad">
            <field name="name">ET</field>
            <field name="nombre_completo">Electrónico</field>
        </record>
        <record id="hr_especialidad_el" model="hr.especialidad">
            <field name="name">EL</field>
            <field name="nombre_completo">Electricista</field>
        </record>
        <record id="hr_especialidad_im" model="hr.especialidad">
            <field name="name">IM</field>
            <field name="nombre_completo">Infante de Marina</field>
        </record>
        <record id="hr_especialidad_ig" model="hr.especialidad">
            <field name="name">IG</field>
            <field name="nombre_completo">Ingeniero</field>
        </record>
        <record id="hr_especialidad_if" model="hr.especialidad">
            <field name="name">IF</field>
            <field name="nombre_completo">Informático</field>
        </record>
        <record id="hr_especialidad_ad" model="hr.especialidad">
            <field name="name">AD</field>
            <field name="nombre_completo">Administración</field>
        </record>
        <record id="hr_especialidad_ab" model="hr.especialidad">
            <field name="name">AB</field>
            <field name="nombre_completo">Abastecimiento</field>
        </record>
        <record id="hr_especialidad_sn" model="hr.especialidad">
            <field name="name">SN</field>
            <field name="nombre_completo">Sanidad</field>
        </record>
         <record id="hr_especialidad_av" model="hr.especialidad">
            <field name="name">AV</field>
            <field name="nombre_completo">Aviador</field>
        </record>
    </data>
</openerp>
