<?xml version="1.0" encoding="utf-8"?>
<openerp>
    <data>
        <!--GESTION TIC PADRE NIVEL 1-->
        <record id="hr_proceso_gestion_tic" model="proceso.estructura">
            <field name="name">Gestión de tecnologías de la información y comunicaciones</field>
        </record>

        <!--HIJOS GESTION TIC NIVEL 2-->
        <record id="hr_proceso_tic_desarrollo" model="proceso.estructura">
            <field name="name">Desarrollo de sistemas TIC'S</field>
            <field name="parent_id" ref="hr_proceso_gestion_tic"/>
        </record>
        <record id="hr_proceso_tic_administracion" model="proceso.estructura">
            <field name="name">Administración de TIC'S</field>
            <field name="parent_id" ref="hr_proceso_gestion_tic"/>
        </record>
        <record id="hr_proceso_tic_mantenimiento" model="proceso.estructura">
            <field name="name">Mantenimiento de TIC'S</field>
            <field name="parent_id" ref="hr_proceso_gestion_tic"/>
        </record>

        <!--HIJOS DESARROLLO DE SISTEMAS  TIC NIVEL 3-->
        <record id="hr_proceso_plani_des_tic" model="proceso.estructura">
            <field name="name">Planificación y desarrollo de las TIC</field>
            <field name="parent_id" ref="hr_proceso_tic_desarrollo"/>
        </record>
        <record id="hr_proceso_diseño_servicios_tic" model="proceso.estructura">
            <field name="name">Diseño de servicios TIC</field>
            <field name="parent_id" ref="hr_proceso_tic_desarrollo"/>
        </record>

        <!--HIJOS ADMINISTRACIÓN DE TIC NIVEL 3-->
        <record id="hr_proceso_direccion_tecnica" model="proceso.estructura">
            <field name="name">Dirección técnica TIC</field>
            <field name="parent_id" ref="hr_proceso_tic_administracion"/>
        </record>
        <record id="hr_proceso_planif_desa_tic" model="proceso.estructura">
            <field name="name">Planificación y desarrollo de las TIC</field>
            <field name="parent_id" ref="hr_proceso_tic_administracion"/>
        </record>
        <record id="hr_proceso_admin_servicios" model="proceso.estructura">
            <field name="name">Administración de servicios TIC</field>
            <field name="parent_id" ref="hr_proceso_tic_administracion"/>
        </record>
        <record id="hr_proceso_dir_cont_segu_info" model="proceso.estructura">
            <field name="name">Dirección y control técnico de seguridad de la información</field>
            <field name="parent_id" ref="hr_proceso_tic_administracion"/>
        </record>

        <!--HIJOS MANTENIMIENTO DE TICS NIVEL 3-->
        <record id="hr_proceso_sos_mejora_continua" model="proceso.estructura">
            <field name="name">Sostenimiento y mejora continua de servicios TIC</field>
            <field name="parent_id" ref="hr_proceso_tic_mantenimiento"/>
        </record>


        <!--HIJOS PLANIFICACION Y DESARROLLO DE LAS TIC NIVEL 4-->
        <record id="hr_proceso_gest_proy_insti" model="proceso.estructura">
            <field name="name">Gestión de proyectos TIC institucionales</field>
            <field name="parent_id" ref="hr_proceso_plani_des_tic"/>
        </record>
        <record id="hr_proceso_ope_sis_mejora_proc" model="proceso.estructura">
            <field name="name">Operación de sistema de gestión y mejora de procesos TIC</field>
            <field name="parent_id" ref="hr_proceso_plani_des_tic"/>
        </record>

        <!--HIJOS DISEÑO DE SERVICIOS TIC NIVEL 4-->
        <record id="hr_proceso_dise_conceptual" model="proceso.estructura">
            <field name="name">Diseño conceptual</field>
            <field name="parent_id" ref="hr_proceso_diseño_servicios_tic"/>
        </record>
        <record id="hr_proceso_dise_basico" model="proceso.estructura">
            <field name="name">Diseño básico</field>
            <field name="parent_id" ref="hr_proceso_diseño_servicios_tic"/>
        </record>
        <record id="hr_proceso_dise_det_ejecucion" model="proceso.estructura">
            <field name="name">Diseño detallado y ejecución</field>
            <field name="parent_id" ref="hr_proceso_diseño_servicios_tic"/>
        </record>
        <record id="hr_proceso_integ_verif_entrega" model="proceso.estructura">
            <field name="name">integración, verificación y entrega</field>
            <field name="parent_id" ref="hr_proceso_diseño_servicios_tic"/>
        </record>
        <record id="hr_proceso_trans_opera" model="proceso.estructura">
            <field name="name">Transición a operación</field>
            <field name="parent_id" ref="hr_proceso_diseño_servicios_tic"/>
        </record>
        <record id="hr_proceso_gesti_config" model="proceso.estructura">
            <field name="name">Gestión de la configuración</field>
            <field name="parent_id" ref="hr_proceso_diseño_servicios_tic"/>
        </record>

        <!--HIJOS DIRECCIÓN TÉCNICA TIC NIVEL 4-->
        <record id="hr_proceso_orga_control_tec" model="proceso.estructura">
            <field name="name">Organización y control técnico TIC</field>
            <field name="parent_id" ref="hr_proceso_direccion_tecnica"/>
        </record>
        <record id="hr_proceso_deter_rumbo_tecno" model="proceso.estructura">
            <field name="name">Determinación rumbo tecnológico TIC</field>
            <field name="parent_id" ref="hr_proceso_direccion_tecnica"/>
        </record>
        <record id="hr_proceso_super_moni_tec" model="proceso.estructura">
            <field name="name">Supervisión y monitoreo técnico TIC</field>
            <field name="parent_id" ref="hr_proceso_direccion_tecnica"/>
        </record>
        <record id="hr_proceso_cumpl_regul" model="proceso.estructura">
            <field name="name">Cumplimiento regularorio TIC</field>
            <field name="parent_id" ref="hr_proceso_direccion_tecnica"/>
        </record>

        <!--HIJOS PLANIFICACÓN Y DESARROLLO DE LAS TIC NIVEL 4-->
        <record id="hr_proceso_gestion_portafolio_proyec" model="proceso.estructura">
            <field name="name">Gestión de portafolio de proyectos TIC institucionales</field>
            <field name="parent_id" ref="hr_proceso_planif_desa_tic"/>
        </record>

        <!--HIJOS ADMINISTRACIÓN DE SERVICIOS NIVEL 4-->
        <record id="hr_proceso_gestion_admin_portafolio_servi" model="proceso.estructura">
            <field name="name">Administración del portafolio de servicios TIC</field>
            <field name="parent_id" ref="hr_proceso_admin_servicios"/>
        </record>
        <record id="hr_proceso_gestion_admin_capacidad" model="proceso.estructura">
            <field name="name">Administración de la capacidad de infraestructura tecnológica, niveles de servicio, disponibilidad y continuidad</field>
            <field name="parent_id" ref="hr_proceso_admin_servicios"/>
        </record>
        <record id="hr_proceso_gestion_admin_entorno_fisico" model="proceso.estructura">
            <field name="name">Administración del entorno físico de los data center, cuartos de equipos y centros de transmisión</field>
            <field name="parent_id" ref="hr_proceso_admin_servicios"/>
        </record>
        <record id="hr_proceso_gestion_cambios_ambiente" model="proceso.estructura">
            <field name="name">Gestón de cambios ambiente de producción</field>
            <field name="parent_id" ref="hr_proceso_admin_servicios"/>
        </record>
        <record id="hr_proceso_gestion_liberacion_produc" model="proceso.estructura">
            <field name="name">Liberación y puesta en producción</field>
            <field name="parent_id" ref="hr_proceso_admin_servicios"/>
        </record>
        <record id="hr_proceso_gestion_admin_operacion_serv_tic" model="proceso.estructura">
            <field name="name">Administración de la operación de los servicios TIC</field>
            <field name="parent_id" ref="hr_proceso_admin_servicios"/>
        </record>

        <!--HIJOS DIRECCION Y CONTROL TÉCNICO DE SEGURIDAD DE LA INFORMACIÓN NIVEL 4-->
        <record id="hr_proceso_gesti_seguridad_info" model="proceso.estructura">
            <field name="name">Gestión de seguridad de la información</field>
            <field name="parent_id" ref="hr_proceso_dir_cont_segu_info"/>
        </record>
        <record id="hr_proceso_ope_csirt" model="proceso.estructura">
            <field name="name">Operación del CSIRT</field>
            <field name="parent_id" ref="hr_proceso_dir_cont_segu_info"/>
        </record>

        <!--HIJOS SOSTENIMIENTO Y MEJORA CONTINUA DE SERVICIOS TICNIVEL 4-->
        <record id="hr_proceso_ope_mesa_servicio" model="proceso.estructura">
            <field name="name">Operación de la mesa de servicios</field>
            <field name="parent_id" ref="hr_proceso_sos_mejora_continua"/>
        </record>
        <record id="hr_proceso_admin_nivel_servi" model="proceso.estructura">
            <field name="name">Administración de niveles de servicio</field>
            <field name="parent_id" ref="hr_proceso_sos_mejora_continua"/>
        </record>
        <record id="hr_proceso_admin_act_tec" model="proceso.estructura">
            <field name="name">Administración de activos tecnológicos</field>
            <field name="parent_id" ref="hr_proceso_sos_mejora_continua"/>
        </record>
        <record id="hr_proceso_admin_mant" model="proceso.estructura">
            <field name="name">Administración del mantenimiento</field>
            <field name="parent_id" ref="hr_proceso_sos_mejora_continua"/>
        </record>
        <record id="hr_proceso_admin_conoci_tic" model="proceso.estructura">
            <field name="name">Administración del conocimiento TIC</field>
            <field name="parent_id" ref="hr_proceso_sos_mejora_continua"/>
        </record>
    </data>
</openerp>
