<?xml version="1.0" encoding="utf-8"?>
<openerp>
    <data>
        <!--GRUPOS-->
        <record id="hr_grupo_oficial" model="hr.grupo">
            <field name="name">Oficial</field>
            <field name="descripcion">Oficial</field>
        </record>

        <record id="hr_grupo_tripulante" model="hr.grupo">
            <field name="name">Tripulante</field>
            <field name="descripcion">Tripulante</field>
        </record>

        <record id="hr_grupo_servidor" model="hr.grupo">
            <field name="name">Servicor Público</field>
            <field name="descripcion">Servicor Público</field>
        </record>

        <record id="hr_grado_almirante" model="hr.grado.militar">
            <field name="grupo_id" ref="hr_grupo_oficial"/>
            <field name="name">ALM</field>
            <field name="nombre_completo">Almirante</field>
        </record>
        <record id="hr_grado_vicealmirante" model="hr.grado.militar">
            <field name="grupo_id" ref="hr_grupo_oficial"/>
            <field name="name">VALM</field>
            <field name="nombre_completo">Vicealmirante</field>
        </record>
        <record id="hr_grado_contralmirante" model="hr.grado.militar">
            <field name="grupo_id" ref="hr_grupo_oficial"/>
            <field name="name">CALM</field>
            <field name="nombre_completo">Contralmirante</field>
        </record>
        <record id="hr_grado_cpnv" model="hr.grado.militar">
            <field name="grupo_id" ref="hr_grupo_oficial"/>
            <field name="name">CPNV</field>
            <field name="nombre_completo">Capitán de Navio</field>
        </record>
        <record id="hr_grado_cpfg" model="hr.grado.militar">
            <field name="grupo_id" ref="hr_grupo_oficial"/>
            <field name="name">CPFG</field>
            <field name="nombre_completo">Capitán de Fragata</field>
        </record>
        <record id="hr_grado_cpcb" model="hr.grado.militar">
            <field name="grupo_id" ref="hr_grupo_oficial"/>
            <field name="name">CPCB</field>
            <field name="nombre_completo">Capitán de Corbeta</field>
        </record>
        <record id="hr_grado_tnnv" model="hr.grado.militar">
            <field name="grupo_id" ref="hr_grupo_oficial"/>
            <field name="name">TNNV</field>
            <field name="nombre_completo">Teniente de Navio</field>
        </record>
        <record id="hr_grado_tnfg" model="hr.grado.militar">
            <field name="grupo_id" ref="hr_grupo_oficial"/>
            <field name="name">TNFG</field>
            <field name="nombre_completo">Teniente de Fragata</field>
        </record>
        <record id="hr_grado_alf" model="hr.grado.militar">
            <field name="grupo_id" ref="hr_grupo_oficial"/>
            <field name="name">ALF</field>
            <field name="nombre_completo">Alférez</field>
        </record>
        <record id="hr_grado_subm" model="hr.grado.militar">
            <field name="grupo_id" ref="hr_grupo_tripulante"/>
            <field name="name">SUBM</field>
            <field name="nombre_completo">Suboficial Mayor</field>
        </record>
        <record id="hr_grado_subp" model="hr.grado.militar">
            <field name="grupo_id" ref="hr_grupo_tripulante"/>
            <field name="name">SUBP</field>
            <field name="nombre_completo">Suboficial Primero</field>
        </record>
        <record id="hr_grado_subs" model="hr.grado.militar">
            <field name="grupo_id" ref="hr_grupo_tripulante"/>
            <field name="name">SUBS</field>
            <field name="nombre_completo">Suboficial Segundo</field>
        </record>
        <record id="hr_grado_sgop" model="hr.grado.militar">
            <field name="grupo_id" ref="hr_grupo_tripulante"/>
            <field name="name">SGOP</field>
            <field name="nombre_completo">Sargento Primero</field>
        </record>
        <record id="hr_grado_sgos" model="hr.grado.militar">
            <field name="grupo_id" ref="hr_grupo_tripulante"/>
            <field name="name">SGOS</field>
            <field name="nombre_completo">Sargento Segundo</field>
        </record>
        <record id="hr_grado_cbop" model="hr.grado.militar">
            <field name="grupo_id" ref="hr_grupo_tripulante"/>
            <field name="name">CBOP</field>
            <field name="nombre_completo">Cabo Primero</field>
        </record>
        <record id="hr_grado_cbos" model="hr.grado.militar">
            <field name="grupo_id" ref="hr_grupo_tripulante"/>
            <field name="name">CBOS</field>
            <field name="nombre_completo">Cabo Segundo</field>
        </record>
        <record id="hr_grado_maro" model="hr.grado.militar">
            <field name="grupo_id" ref="hr_grupo_tripulante"/>
            <field name="name">MARO</field>
            <field name="nombre_completo">Marinero</field>
        </record>



    </data>
</openerp>
