<?xml version="1.0" encoding="utf-8"?>
<openerp>
    <data>
        <!-- Seccion data -->
        <!-- Division Ingenieria de Diseño-->
        <record id="sec_arquitectura_sistema" model="hr.seccion">
            <field name="name">Sec. Arquitectura de Sistemas</field>
            <field name="division_id" ref="div_ingenieria_diseño"/>
        </record>
        <record id="sec_sistema_hard" model="hr.seccion">
            <field name="name">Sec. Sistemas Hardware</field>
            <field name="division_id" ref="div_ingenieria_diseño"/>
        </record>
        <record id="sec_sistema_teleco" model="hr.seccion">
            <field name="name">Sec. Sistemas Telecomunicaciones</field>
            <field name="division_id" ref="div_ingenieria_diseño"/>
        </record>

        <!-- Division Ingenieria de Software-->
        <record id="sec_metodo_gestion_proyec" model="hr.seccion">
            <field name="name">Sec. Metodología y Gestión de Proyectos</field>
            <field name="division_id" ref="div_ingenieria_software"/>
        </record>
        <record id="sec_analisis_diseño" model="hr.seccion">
            <field name="name">Sec. Analisis y Diseño</field>
            <field name="division_id" ref="div_ingenieria_software"/>
        </record>
        <record id="sec_programacion" model="hr.seccion">
            <field name="name">Sec. Programación</field>
            <field name="division_id" ref="div_ingenieria_software"/>
        </record>
        <record id="sec_integracion_gest_config" model="hr.seccion">
            <field name="name">Sec. Integración y Gestión de Configuración</field>
            <field name="division_id" ref="div_ingenieria_software"/>
        </record>

         <!-- Division Verificación, Validación y Pruebas-->
        <record id="sec_validacion" model="hr.seccion">
            <field name="name">Sec. Validación</field>
            <field name="division_id" ref="div_verif_valid_prueba"/>
        </record>
        <record id="sec_pruebas" model="hr.seccion">
            <field name="name">Sec. Pruebas</field>
            <field name="division_id" ref="div_verif_valid_prueba"/>
        </record>
        <record id="sec_verificacion_liberacion" model="hr.seccion">
            <field name="name">Sec. Verificación y Liberación</field>
            <field name="division_id" ref="div_verif_valid_prueba"/>
        </record>

         <!-- Division Administración de Servicios TIC-->
        <record id="sec_admin_nivel_servi" model="hr.seccion">
            <field name="name">Sec. Administración Niveles de Servicio</field>
            <field name="division_id" ref="div_admin_servicios"/>
        </record>
        <record id="sec_admin_acceso" model="hr.seccion">
            <field name="name">Sec. Administración Accesos</field>
            <field name="division_id" ref="div_admin_servicios"/>
        </record>
        <record id="sec_admin_puesta_prod" model="hr.seccion">
            <field name="name">Sec. Administración Puesta Producción</field>
            <field name="division_id" ref="div_admin_servicios"/>
        </record>
        <record id="sec_admin_cambios" model="hr.seccion">
            <field name="name">Sec. Administración de Cambios</field>
            <field name="division_id" ref="div_admin_servicios"/>
        </record>

         <!-- Division Centros de Datos-->
        <record id="sec_monitoreo_super" model="hr.seccion">
            <field name="name">Sec. Monitoreo y Supervisión</field>
            <field name="division_id" ref="div_centro_datos"/>
        </record>
        <record id="sec_proces_almacena" model="hr.seccion">
            <field name="name">Sec. Procesamiento y Almacenamiento</field>
            <field name="division_id" ref="div_centro_datos"/>
        </record>
        <record id="sec_admin_sistem_dba" model="hr.seccion">
            <field name="name">Sec. Administración Sistemas y DBA</field>
            <field name="division_id" ref="div_centro_datos"/>
        </record>
        <record id="sec_admin_sistem_sopor" model="hr.seccion">
            <field name="name">Sec. Administración Sistemas de Soporte</field>
            <field name="division_id" ref="div_centro_datos"/>
        </record>
        <record id="sec_continuidad_disponi" model="hr.seccion">
            <field name="name">Sec. Continuidad y Disponibilidad</field>
            <field name="division_id" ref=""/>
        </record>

         <!-- Division Comunicaciones Navales-->
        <record id="sec_admin_monitoreo_red" model="hr.seccion">
            <field name="name">Sec. Administración y Monitoreo Redes</field>
            <field name="division_id" ref="div_comunicacion_naval"/>
        </record>
        <record id="sec_redes_fijas_datos" model="hr.seccion">
            <field name="name">Sec. Redes Fijas de Datos</field>
            <field name="division_id" ref="div_comunicacion_naval"/>
        </record>
        <record id="sec_redes_movil_radiofrec" model="hr.seccion">
            <field name="name">Sec. Redes Móviles y Radiofrecuencia</field>
            <field name="division_id" ref="div_comunicacion_naval"/>
        </record>

        <!-- Division Administración Seguridad Info-->
        <record id="sec_admin_seguridadinfo" model="hr.seccion">
            <field name="name">Sec. Sistema Gestión Seguridad Info</field>
            <field name="division_id" ref="div_admin_seg_info"/>
        </record>
         <record id="sec_control_seguridadinfo" model="hr.seccion">
            <field name="name">Sec. Controles Seguridad Info</field>
            <field name="division_id" ref="div_admin_seg_info"/>
        </record>

        <!-- Division CSIRT-->
        <record id="sec_gestion_incidente" model="hr.seccion">
            <field name="name">Sec. Gestión Incidentes Seguridad-Información</field>
            <field name="division_id" ref="div_csirt"/>
        </record>
         <record id="sec_concientiza_seg" model="hr.seccion">
            <field name="name">Sec. Concientización Seguridad-Información</field>
            <field name="division_id" ref="div_csirt"/>
        </record>

        <!-- Division Gestión Riesgos Seguridad Informacion-->
        <record id="sec_identifica_riesgo" model="hr.seccion">
            <field name="name">Sec. Identificación Riesgos Seguridad-Información</field>
            <field name="division_id" ref="div_gestion_riesgo_seg_info"/>
        </record>
         <record id="sec_planes_mitigacion" model="hr.seccion">
            <field name="name">Sec. Planes Mitigación Riesgos</field>
            <field name="division_id" ref="div_gestion_riesgo_seg_info"/>
        </record>

        <!-- Division de Interop y Estandarización-->
        <record id="sec_servicios_interop" model="hr.seccion">
            <field name="name">Sec.Servicios de Interoperabilidad</field>
            <field name="division_id" ref="div_interop_estandar"/>
        </record>
         <record id="sec_estandarizacion" model="hr.seccion">
            <field name="name">Sec. Estandarización</field>
            <field name="division_id" ref="div_interop_estandar"/>
        </record>

         <!-- Division Soporte Técnico-->
        <record id="sec_mesa_servicio" model="hr.seccion">
            <field name="name">Sec. Mesa de Servicios</field>
            <field name="division_id" ref="div_soporte_tecnico"/>
        </record>
        <record id="sec_resolucion_problema" model="hr.seccion">
            <field name="name">Sec. Resolución de Problemas</field>
            <field name="division_id" ref="div_soporte_tecnico"/>
        </record>
        <record id="sec_entrenamiento_usuario" model="hr.seccion">
            <field name="name">Sec. Entrenamiento Usuarios</field>
            <field name="division_id" ref="div_soporte_tecnico"/>
        </record>
        <record id="sec_gestion_conocimiento" model="hr.seccion">
            <field name="name">Sec. Gestión Conocimiento</field>
            <field name="division_id" ref="div_soporte_tecnico"/>
        </record>

         <!-- Division Supervisión Activos TIC-->
        <record id="sec_supervision_monitoreo" model="hr.seccion">
            <field name="name">Sec. Supervisión y Monitereo Remoto</field>
            <field name="division_id" ref="div_supervisionactivotic"/>
        </record>
        <record id="sec_gestion_cambio_ambiente" model="hr.seccion">
            <field name="name">Sec. Gestión Cambios Ambiente Usuario</field>
            <field name="division_id" ref="div_supervisionactivotic"/>
        </record>

         <!-- Division Mantenimiento-->
        <record id="sec_planificacion_mantenimiento" model="hr.seccion">
            <field name="name">Sec. Planificación Mantenimiento</field>
            <field name="division_id" ref="div_mantenimiento"/>
        </record>
        <record id="sec_mantenimiento_preventivo" model="hr.seccion">
            <field name="name">Sec. Mantenimiento Preventivo</field>
            <field name="division_id" ref="div_mantenimiento"/>
        </record>
        <record id="sec_mantenimiento_correctivo" model="hr.seccion">
            <field name="name">Sec. Mantenimiento Correctivo</field>
            <field name="division_id" ref="div_mantenimiento"/>
        </record>
    </data>
</openerp>
