id,name,model_id:id,group_id:id,perm_read,perm_write,perm_create,perm_unlink


mro.access_mro_request_customer,mro.request customer,mro.model_mro_request,asset.group_mro_customer,1,1,1,0
access_mro_request_mesa,mro.request mesa,model_mro_request,asset.group_mro_mesa_ayuda,1,1,1,0


access_mro_order_request_mesa,mro_order mesa,model_mro_order,asset.group_mro_mesa_ayuda,0,0,1,0
access_mro_order_reques_tecnico,mro_order tecnico,model_mro_order,asset.group_mro_user,1,1,0,0



mro.access_mro_order_manager,mro.order manager,mro.model_mro_order,asset.group_mro_manager,1,1,1,0

access_asset_mantenimiento_preventivo_tecnico,asset.mantenimiento.preventivo tecnico,model_asset_mantenimiento_preventivo,asset.group_mro_user,1,1,0,0
access_asset_mantenimiento_preventivo,asset.mantenimiento.preventivo,model_asset_mantenimiento_preventivo,asset.group_mro_manager,1,1,1,1
access_asset_mantenimiento_preventivo_activo_tecnico,asset.mantenimiento.preventivo.activo tecnico,model_asset_mantenimiento_preventivo_activo,asset.group_mro_user,1,1,0,0
access_asset_mantenimiento_preventivo_activo,asset.mantenimiento.preventivo.activo,model_asset_mantenimiento_preventivo_activo,asset.group_mro_manager,1,1,1,1

