<?xml version="1.0" encoding="utf-8"?>
<openerp>
    <data noupdate="1">
        <!--Eliminar reglas-->
        <!-- <record model="res.groups" id="mro.group_create_maintenance_request">
            <field name="users" eval="[(3,ref('base.user_root'))]"/>
            <field name="users" eval="[(3,ref('base.user_admin'))]"/>
        </record>
        <delete model='res.groups' search="[('id','=',ref('mro.group_create_maintenance_request'))]" />
        <delete model='ir.rule' search="[('id','=',ref('mro.mro_request_self_not_draft'))]"/>
        <delete model='ir.rule' search="[('id','=',ref('mro.mro_request_self_draft'))]"/>
        <delete model='ir.rule' search="[('id','=',ref('mro.mro_request_not_draft'))]"/>
        <delete model='ir.rule' search="[('id','=',ref('mro.mro_request_all'))]"/> -->

        <!-- Ver los requerimientos de mis activos con estado diferente a LISTO-->
        <!-- <record id="mro_request_visualizacion_usuario" model="ir.rule">
            <field name="name">peticion del usuario</field>
            <field ref="model_mro_request" name="model_id"/>
            <field name="domain_force">[('user_id', '=', user.id),('company_id', 'in', company_ids)]</field>
            <field name="groups" eval="[(4, ref('asset.group_mro_customer'))]"/>
        </record> -->
        <!-- Ver todos los requerimientos en estado diferente de borrador o los creados por un usuario
        correspondiente a mesa de ayuda -->
        <!-- USO PARA MESA DE AYUDA Y PERFIL ADMINISTRADOR-->
        <record id="mro_request_visualizacion_supervisor" model="ir.rule">
            <field name="name">visualizacion de las peticiones de los usuarios</field>
            <field ref="model_mro_request" name="model_id"/>
            <field name="domain_force">['|', ('state','!=','draft'), ('create_uid', '=', user.id)]</field>
            <field name="groups" eval="[(4, ref('asset.group_mro_mesa_ayuda')), (4, ref('asset.group_mro_manager'))]"/>
        </record>

        <!-- VER LAS ORDENES DE CHEQUEO QUE ME ASIGNARON-->
        <record id="mro_order_usuario_asignado" model="ir.rule">
            <field name="name">ver las ordenes de chequeo por tecnico</field>
            <field ref="model_mro_order" name="model_id"/>
            <!-- <field name="domain_force">['&amp;','|',('state','!=','done'), ('responsable_id', '=', user.id),('create_uid', '=', user.id)]</field> -->
            <field name="domain_force">[('responsable_id', '=', user.id)]</field>
            <field name="groups" eval="[(4, ref('asset.group_mro_user'))]"/>
        </record>

        <record id="mro_order_admin" model="ir.rule">
            <field name="name">ver todas las ordenes de chequeo</field>
            <field ref="model_mro_order" name="model_id"/>
            <!-- <field name="domain_force">['&amp;','|',('state','!=','done'), ('responsable_id', '=', user.id),('create_uid', '=', user.id)]</field> -->
            <field name="domain_force">[(1,'=',1)]</field>
            <field name="groups" eval="[(4, ref('asset.group_mro_manager'))]"/>
        </record>

        <record id="mro_mantenimiento_preventivo_activo_tecnico" model="ir.rule">
            <field name="name">ver los mantenimientos en ejecucion en estado planificacion</field>
            <field ref="model_asset_mantenimiento_preventivo_activo" name="model_id"/>
            <field name="domain_force">[('soporte_id', '=', user.id),('preventivo_id.state', '=', 'ejecucion')]</field>
            <field name="groups" eval="[(4, ref('asset.group_mro_user'))]"/>
        </record>

        <record id="mro_mantenimiento_preventivo_activo_admin" model="ir.rule">
            <field name="name">ver todos los mantenimientos preventivos</field>
            <field ref="model_asset_mantenimiento_preventivo_activo" name="model_id"/>
            <field name="domain_force">[(1, '=', 1)]</field>
            <field name="groups" eval="[(4, ref('asset.group_mro_manager'))]"/>
        </record>

        <!-- LECTURA DE TODAS LAS ORDENES DE CHEQUEO QUE NO HAN SIDO ATENDIDAS POR PARTE DE MESA DE AYUDA-->
        <!-- <record id="mro_order_usuario_asignado_mesa" model="ir.rule">
            <field name="name">ver las ordenes de chequeo mesa</field>
            <field ref="model_mro_order" name="model_id"/>
            <field name="perm_read" eval="True"/>
            <field name="perm_write" eval="False"/>
            <field name="perm_create" eval="False"/>
            <field name="perm_unlink" eval="False"/>
            <field name="domain_force">[('state','!=','done')]</field>
            <field name="groups" eval="[(4, ref('group_mesa_ayuda'))]"/>
        </record> -->
    </data>
</openerp>
