<?xml version="1.0" encoding="utf-8"?>
<openerp>
    <data noupdate="1">
        <!-- Data de Equipos  -->
        <record id="tics_asset.asset_des_pc1" model="asset.asset">
         <field name="empleado_id" ref="th_gestion_hr.hr_moran_denny"/>           
        </record>
        <record id="tics_asset.asset_des_pc2" model="asset.asset">
            <field name="empleado_id" ref="th_gestion_hr.hr_macancela"/>
        </record>
        <record id="tics_asset.asset_des_pc3" model="asset.asset">
            <field name="empleado_id" ref="th_gestion_hr.hr_quito_sandro"/>
        </record>
        <record id="tics_asset.asset_des_pc4" model="asset.asset">
            <field name="empleado_id" ref="th_gestion_hr.hr_quito_sandro"/>
        </record>
        <record id="tics_asset.asset_des_pc5" model="asset.asset">
            <field name="empleado_id" ref="th_gestion_hr.hr_tamami_carlos"/>
        </record>
    </data>
</openerp>
