<?xml version="1.0" encoding="utf-8"?>
<openerp>
    <data noupdate="1">
        <!-- Data de Usuarios  -->

        <record id="th_gestion.user_rosales" model="res.users">         
            <field name="groups_id" eval="[(4,ref('asset.group_mro_user'))]"/>
        </record>

        <record id="th_gestion.user_granda" model="res.users">          
            <field name="groups_id" eval="[(4,ref('asset.group_mro_mesa_ayuda'))]"/>
        </record>

        <record id="th_gestion.user_tomala" model="res.users">        
            <field name="groups_id" eval="[(4,ref('asset.group_mro_manager')),(4,ref('hr.group_hr_user'))]"/>
        </record>


        <record id="th_gestion.user_quito" model="res.users">           
            <field name="groups_id" eval="[(4,ref('asset.group_mro_customer'))]"/>
        </record>

        <record id="th_gestion.user_macancela" model="res.users">           
            <field name="groups_id" eval="[(4,ref('asset.group_mro_customer'))]"/>
        </record>


        <record id="th_gestion.user_tamami" model="res.users">         
            <field name="groups_id" eval="[(4,ref('asset.group_mro_customer'))]"/>
        </record>

    </data>
</openerp>
