id,name,model_id:id,group_id:id,perm_read,perm_write,perm_create,perm_unlink

access_flight_flight,flight.flight,model_flight_flight,base.group_user,1,1,1,1



access_flight_aircraft_customer,flight.aircraft,model_flight_aircraft,group_supervisor,1,0,0,0
access_flight_aircraft_user,flight.aircraft,model_flight_aircraft,group_pilotos,1,0,0,0
access_flight_aircraft_manager,flight.aircraft,model_flight_aircraft,group_administrador_admin,1,1,1,1

access_flight_catalogue_customer,flight.catalogue,model_flight_catalogue,group_supervisor,1,0,0,0
access_flight_catalogue_user,flight.catalogue,model_flight_catalogue,group_pilotos,1,1,1,1
access_flight_catalogue_manager,flight.catalogue,model_flight_catalogue,group_administrador_admin,1,1,1,1

access_flight_items_customer,flight.items,model_flight_items,group_supervisor,1,0,0,0
access_flight_items_user,flight.items,model_flight_items,group_pilotos,1,1,0,0
access_flight_items_manager,flight.items,model_flight_items,group_administrador_admin,1,1,1,1

access_flight_mission_class_customer,flight.mission.class,model_flight_mission_class,group_supervisor,1,0,0,0
access_flight_mission_class_user,flight.mission.class,model_flight_mission_class,group_pilotos,1,1,0,0
access_flight_mission_class_manager,flight.mission.class,model_flight_mission_class,group_administrador_admin,1,1,1,1

access_flight_equipo_deteccion_customer,flight.equipo.deteccion,model_flight_equipo_deteccion,group_supervisor,1,0,0,0
access_flight_equipo_deteccion_user,flight.equipo.deteccion,model_flight_equipo_deteccion,group_pilotos,1,1,0,0
access_flight_equipo_deteccion_manager,flight.equipo.deteccion,model_flight_equipo_deteccion,group_administrador_admin,1,1,1,1

access_flight_equipo_comunicacion_customer,flight.equipo.comunicacion,model_flight_equipo_comunicacion,group_supervisor,1,0,0,0
access_flight_equipo_comunicacion_user,flight.equipo.comunicacion,model_flight_equipo_comunicacion,group_pilotos,1,1,0,0
access_flight_equipo_comunicacion_manager,flight.equipo.comunicacion,model_flight_equipo_comunicacion,group_administrador_admin,1,1,1,1

access_flight_equipo_navegacion_customer,flight.equipo.navegacion,model_flight_equipo_navegacion,group_supervisor,1,0,0,0
access_flight_equipo_navegacion_user,flight.equipo.navegacion,model_flight_equipo_navegacion,group_pilotos,1,1,0,0
access_flight_equipo_navegacion_manager,flight.equipo.navegacion,model_flight_equipo_navegacion,group_administrador_admin,1,1,1,1

access_flight_addtional_equipment_customer,flight.addtional.equipment,model_flight_addtional_equipment,group_supervisor,1,0,0,0
access_flight_addtional_equipment_user,flight.addtional.equipment,model_flight_addtional_equipment,group_pilotos,1,1,0,0
access_flight_addtional_equipment_manager,flight.addtional.equipment,model_flight_addtional_equipment,group_administrador_admin,1,1,1,1

access_flight_mission_customer,flight.mission,model_flight_mission,group_supervisor,1,0,0,0
access_flight_mission_user,flight.mission,model_flight_mission,group_pilotos,1,0,0,0
access_flight_mission_manager,flight.mission,model_flight_mission,group_administrador_admin,1,1,1,1

access_flight_medical_record_customer,flight.medical.record,model_flight_medical_record,group_supervisor,1,0,0,0
access_flight_medical_record_user,flight.medical.record,model_flight_medical_record,group_pilotos,1,0,0,0
access_flight_medical_record_manager,flight.medical.record,model_flight_medical_record,group_administrador_admin,1,1,1,1

access_flight_aircraft_history_securitytype_customer,flight.aircraft.history.securitytype,model_flight_aircraft_history_securitytype,group_supervisor,1,0,0,0
access_flight_aircraft_history_securitytype_user,flight.aircraft.history.securitytype,model_flight_aircraft_history_securitytype,group_pilotos,1,0,0,0
access_flight_aircraft_history_securitytype_manager,flight.aircraft.history.securitytype,model_flight_aircraft_history_securitytype,group_administrador_admin,1,1,1,1

access_flight_aircraft_history_equipment_customer,flight.aircraft.history.equipment,model_flight_aircraft_history_equipment,group_supervisor,1,0,0,0
access_flight_aircraft_history_equipment_user,flight.aircraft.history.equipment,model_flight_aircraft_history_equipment,group_pilotos,1,0,0,0
access_flight_aircraft_history_equipment_manager,flight.aircraft.history.equipment,model_flight_aircraft_history_equipment,group_administrador_admin,1,1,1,1

access_flight_qualification_customer,flight.qualification,model_flight_qualification,group_supervisor,1,0,0,0
access_flight_qualification_user,flight.qualification,model_flight_qualification,group_pilotos,1,1,0,0
access_flight_qualification_manager,flight.qualification,model_flight_qualification,group_administrador_admin,1,1,1,1

access_flight_gestion_plan_semanal_customer,flight.gestion.plan.semanal,model_flight_gestion_plan_semanal,group_supervisor,1,0,0,0
access_flight_gestion_plan_semanal_user,flight.gestion.plan.semanal,model_flight_gestion_plan_semanal,group_pilotos,1,0,0,0
access_flight_gestion_plan_semanal_manager,flight.gestion.plan.semanal,model_flight_gestion_plan_semanal,group_administrador_admin,1,1,1,1

access_flight_vuelos_planificados_customer,flight.vuelos.planificados,model_flight_vuelos_planificados,group_supervisor,1,0,0,0
access_flight_vuelos_planificados_user,flight.vuelos.planificados,model_flight_vuelos_planificados,group_pilotos,1,1,1,1
access_flight_vuelos_planificados_manager,flight.vuelos.planificados,model_flight_vuelos_planificados,group_administrador_admin,1,1,1,1

access_flight_habilitaciones_customer,flight.habilitaciones,model_flight_habilitaciones,group_supervisor,1,0,0,0
access_flight_habilitaciones_user,flight.habilitaciones,model_flight_habilitaciones,group_pilotos,1,1,0,0
access_flight_habilitaciones_manager,flight.habilitaciones,model_flight_habilitaciones,group_administrador_admin,1,1,1,1

access_flight_mision_planvuelo_customer,flight.mision.planvuelo,model_flight_mision_planvuelo,group_supervisor,1,0,0,0
access_flight_mision_planvuelo_user,flight.mision.planvuelo,model_flight_mision_planvuelo,group_pilotos,1,0,0,0
access_flight_mision_planvuelo_manager,flight.mision.planvuelo,model_flight_mision_planvuelo,group_administrador_admin,1,1,1,1

access_flight_ciudad_customer,flight.ciudad,model_flight_ciudad,group_supervisor,1,0,0,0
access_flight_ciudad_user,flight.ciudad,model_flight_ciudad,group_pilotos,1,1,0,0
access_flight_ciudad_manager,flight.ciudad,model_flight_ciudad,group_administrador_admin,1,1,1,1

access_flight_tipos_motores_customer,flight.tipos.motores,model_flight_tipos_motores,group_supervisor,1,0,0,0
access_flight_tipos_motores_user,flight.tipos.motores,model_flight_tipos_motores,group_pilotos,1,1,0,0
access_flight_tipos_motores_manager,flight.tipos.motores,model_flight_tipos_motores,group_administrador_admin,1,1,1,1

access_flight_categoria_mision_customer,flight.categoria.mision,model_flight_categoria_mision,group_supervisor,1,0,0,0
access_flight_categoria_mision_user,flight.categoria.mision,model_flight_categoria_mision,group_pilotos,1,0,0,0
access_flight_categoria_mision_manager,flight.categoria.mision,model_flight_categoria_mision,group_administrador_admin,1,1,1,1

access_flight_rutas_customer,flight.rutas,model_flight_rutas,group_supervisor,1,0,0,0
access_flight_rutas_user,flight.rutas,model_flight_rutas,group_pilotos,1,1,1,1
access_flight_rutas_manager,flight.rutas,model_flight_rutas,group_administrador_admin,1,1,1,1

access_flight_horas_vuelo_customer,flight.horas.vuelo,model_flight_horas_vuelo,group_supervisor,1,0,0,0
access_flight_horas_vuelo_user,flight.horas.vuelo,model_flight_horas_vuelo,group_pilotos,1,1,0,0
access_flight_horas_vuelo_manager,flight.horas.vuelo,model_flight_horas_vuelo,group_administrador_admin,1,1,1,1

access_flight_registro_dotacion_customer,flight.registro.dotacion,model_flight_registro_dotacion,group_supervisor,1,0,0,0
access_flight_registro_dotacion_user,flight.registro.dotacion,model_flight_registro_dotacion,group_pilotos,1,1,1,1
access_flight_registro_dotacion_manager,flight.registro.dotacion,model_flight_registro_dotacion,group_administrador_admin,1,1,1,1




access_flight_gestion_plan_semanal_operador,flight.gestion.plan.semanal,model_flight_gestion_plan_semanal,group_operador_escuadron,1,1,1,0
access_flight_vuelos_planificados_operador,flight.vuelos.planificados,model_flight_vuelos_planificados,group_operador_escuadron,1,1,1,0

access_flight_gestion_plan_semanal_jefe_operaciones,flight.gestion.plan.semanal,model_flight_gestion_plan_semanal,group_jefe_operaciones_reparto,1,1,1,0
access_flight_vuelos_planificados_jefe_operaciones,flight.vuelos.planificados,model_flight_vuelos_planificados,group_jefe_operaciones_reparto,1,1,1,0

access_flight_gestion_plan_semanal_comandante,flight.gestion.plan.semanal,model_flight_gestion_plan_semanal,group_comandante_reparto,1,1,1,0
access_flight_vuelos_planificados_comandante,flight.vuelos.planificados,model_flight_vuelos_planificados,group_comandante_reparto,1,1,1,0

access_flight_gestion_plan_semanal_jefe_operaciones_coavna,flight.gestion.plan.semanal,model_flight_gestion_plan_semanal,group_jefe_operaciones_comando,1,1,1,0
access_flight_vuelos_planificados_jefe_operaciones_coavna,flight.vuelos.planificados,model_flight_vuelos_planificados,group_jefe_operaciones_comando,1,1,1,0

access_flight_gestion_plan_semanal_comandante_coavna,flight.gestion.plan.semanal,model_flight_gestion_plan_semanal,group_comandante_aviacion,1,1,1,0
access_flight_vuelos_planificados_comandante_coavna,flight.vuelos.planificados,model_flight_vuelos_planificados,group_comandante_aviacion,1,1,1,0



access_flight_gestion_plan_semanal_intermedio,flight.gestion.plan.semanal,model_flight_gestion_plan_semanal,group_piloto_admin,1,1,1,0
access_flight_vuelos_planificados_intermedio,flight.vuelos.planificados,model_flight_vuelos_planificados,group_piloto_admin,1,1,1,0

access_flight_rutas_check_tc,flight.rutas,model_flight_rutas,group_administracion_torre_control,1,1,1,1
access_flight_vuelos_planificados_check_tc,flight.vuelos.planificados,model_flight_vuelos_planificados,group_administracion_torre_control,1,1,1,0



