<?xml version="1.0" encoding="utf-8"?>
<odoo>
    <data noupdate="0">
        <!--CATEGORIA-->
        <!--APROBACIONES DE VUELO-->
        <record model="ir.module.category" id="module_categoria_vuelo_coavna">
            <field name="name">Aprobaciones de Vuelo COAVNA</field>
            <field name="description">Apobaciones de vuelo</field>
            <field name="sequence">88</field>
        </record>
        <record model="ir.module.category" id="module_categoria_vuelo">
            <field name="name">Aprobaciones de Vuelo REPARTO</field>
            <field name="description">Apobaciones de vuelo</field>
            <field name="sequence">77</field>
        </record>
        <!--CATEGORIA DE MENU VUELO-->
        <record model="ir.module.category" id="module_menu_vuelo">
            <field name="name">Menu Vuelo</field>
            <field name="description">menu para Vuelo</field>
            <field name="sequence">99</field>
        </record>
        <!--CATEGORIA DE MENU REGISTRO-->
        <record model="ir.module.category" id="module_menu_registro">
            <field name="name">Menu Registro</field>
            <field name="description">menu para Registro</field>
            <field name="sequence">111</field>
        </record>
        <!--CATEGORIA DE MENU ADMINISTRACION-->
        <record model="ir.module.category" id="module_menu_administracion">
            <field name="name">Menu Adminsitracion</field>
            <field name="description">menu para Administracion</field>
            <field name="sequence">122</field>
        </record>

        <record model="ir.module.category" id="module_categoria_gestion_user">
            <field name="name">Gestion de Grupos Intermedios</field>
            <field name="description">Intermedios</field>
            <field name="sequence">89</field>
        </record>

        <!--GRUPOS-->
        <!--GRUPO SUPERVISOR -->
        <record model="res.groups" id="group_supervisor">
            <field name="name">Supervisor</field>
            <field name="category_id" ref="module_categoria_gestion_user"/>
        </record>
        <!-- GRUPO PILOTOS -->
        <record model="res.groups" id="group_pilotos">
            <field name="name">Pilotos</field>
            <field name="category_id" ref="module_categoria_gestion_user"/>
            <field name="implied_ids" eval="[(4, ref('group_supervisor'))]"/>
        </record>
        <!-- GRUPO INTERMEDIO -->
        <record model="res.groups" id="group_piloto_admin">
            <field name="name">Piloto - Administrador</field>
            <field name="category_id" ref="module_categoria_gestion_user"/>
            <field name="implied_ids" eval="[(4, ref('group_pilotos'))]"/>
        </record>
        <!-- GRUPO ADMINISTRADOR -->
        <record model="res.groups" id="group_administrador_admin">
            <field name="name">Administradores</field>
            <field name="category_id" ref="module_categoria_gestion_user"/>
            <field name="implied_ids" eval="[(4, ref('group_piloto_admin'))]"/>
        </record>



        <!--GRUPO APROBACIONES-->
        <!--GRUPO ADMINISTRADOR-->
        <record model="res.groups" id="group_administracion_aviacion">
            <field name="name">Administrador</field>
            <field name="category_id" ref="module_categoria_vuelo_coavna"/>
        </record>
        <!--GRUPO JEFE DE OPERACIONES COAVNA-->
        <!--GRUPO COMANDANTE COAVNA-->
        <record model="res.groups" id="group_comandante_aviacion">
            <field name="name">Comandante de Aviacion</field>
            <field name="category_id" ref="module_categoria_vuelo_coavna"/>
        </record>
        <!--GRUPO JEFE DE OPERACIONES COAVNA-->
        <record model="res.groups" id="group_jefe_operaciones_comando">
            <field name="name">Jefe de Operaciones Comando</field>
            <field name="category_id" ref="module_categoria_vuelo_coavna"/>
        </record>


        <!--GRUPOS APROBACION REPARTO-->
        <!--GRUPO COMANDANTE REPARTO-->
        <record model="res.groups" id="group_comandante_reparto">
            <field name="name">Comandante Reparto</field>
            <field name="category_id" ref="module_categoria_vuelo"/>
        </record>
        <!--GRUPO JEFE DE OPERACIONES REPARTO-->
        <record model="res.groups" id="group_jefe_operaciones_reparto">
            <field name="name">Jefe de Operaciones Reparto</field>
            <field name="category_id" ref="module_categoria_vuelo"/>
        </record>
        <!--GRUPO OPERADOR-->
        <record model="res.groups" id="group_operador_escuadron">
            <field name="name">Operador</field>
            <field name="category_id" ref="module_categoria_vuelo"/>
        </record>
        <!--GRUPO SUPERVISOR-->
        <record model="res.groups" id="group_supervisor_escuadron">
            <field name="name">Supervisor de Escuadron</field>
            <field name="category_id" ref="module_categoria_vuelo"/>
        </record>
        <!--GRUPO CLIENTE-->
        <record model="res.groups" id="group_escuadron_lectura">
            <field name="name">escuadron lectura</field>
            <field name="category_id" ref="module_categoria_vuelo"/>
        </record>




        <!-- PESTAÑAS DE MAS -->
        <!--GRUPOS PESTAÑA MENU VUELO-->
        <!--GESTION PLAN DE VUELO SEMANAL-->
        <!--ADMINISTRADOR-->
        <record model="res.groups" id="group_administracion_gestion_plan_vuelo">
            <field name="name">Administrador Gestion Plan de Vuelo</field>
            <field name="category_id" ref="module_menu_vuelo"/>
        </record>
        <!--VIZUALIZADOR-->
        <record model="res.groups" id="group_lectura_gestion_plan_vuelo">
            <field name="name">Visualizar Gestion Plan de Vuelo</field>
            <field name="category_id" ref="module_menu_vuelo"/>
        </record>
        <!--GRUPOS EJECUCION DE VUELO-->
        <!--ADMINSITRADOR-->
        <record model="res.groups" id="group_administracion_ejecucion_vuelo">
            <field name="name">Administrador Ejecucion de Vuelo</field>
            <field name="category_id" ref="module_menu_vuelo"/>
        </record>
        <!--VIZUALIZADOR-->
        <record model="res.groups" id="group_lectura_ejecucion_vuelo">
            <field name="name">Visualizar Ejecucion de Vuelo</field>
            <field name="category_id" ref="module_menu_vuelo"/>
        </record>
        <!--GRUPOS TORRE DE CONTROL-->
        <!--ADMINSITRADOR-->
        <record model="res.groups" id="group_administracion_torre_control">
            <field name="name">Administrador Torre de Control</field>
            <field name="category_id" ref="module_menu_vuelo"/>
        </record>
        <!--VIZUALIZADOR-->
        <record model="res.groups" id="group_lectura_torre_control">
            <field name="name">Visualizar Torre de Control</field>
            <field name="category_id" ref="module_menu_vuelo"/>
        </record>


        <!--GRUPOS PESTAÑA MENU REGISTRO-->
        <!--AERONAVES-->
        <!--ADMINSITRADOR-->
        <record model="res.groups" id="group_administracion_aeronaves">
            <field name="name">Administrador Aeronaves</field>
            <field name="category_id" ref="module_menu_registro"/>
        </record>
        <!--VIZUALIZADOR-->
        <record model="res.groups" id="group_lectura_aeronaves">
            <field name="name">Visualizar Aeronaves</field>
            <field name="category_id" ref="module_menu_registro"/>
        </record>
        <!--MISIONES-->
        <!--ADMINSITRADOR-->
        <record model="res.groups" id="group_administracion_misiones">
            <field name="name">Administrador Misiones</field>
            <field name="category_id" ref="module_menu_registro"/>
        </record>
        <!--VIZUALIZADOR-->
        <record model="res.groups" id="group_lectura_misiones">
            <field name="name">Visualizar Misiones</field>
            <field name="category_id" ref="module_menu_registro"/>
        </record>
        <!--TRIPULANTES-->
        <!--ADMINSITRADOR-->
        <record model="res.groups" id="group_administracion_tripulantes">
            <field name="name">Administrador Tripulantes</field>
            <field name="category_id" ref="module_menu_registro"/>
        </record>
        <!--VIZUALIZADOR-->
        <record model="res.groups" id="group_lectura_tripulantes">
            <field name="name">Visualizar Tripulantes</field>
            <field name="category_id" ref="module_menu_registro"/>
        </record>
        <!--REGISTRO MEDICO-->
        <!--ADMINSITRADOR-->
        <record model="res.groups" id="group_administracion_registro_medico">
            <field name="name">Administrador Regsitro Medico</field>
            <field name="category_id" ref="module_menu_registro"/>
        </record>
        <!--VIZUALIZADOR-->
        <record model="res.groups" id="group_lectura_registro_medico">
            <field name="name">Visualizar Registro Medico</field>
            <field name="category_id" ref="module_menu_registro"/>
        </record>


        <!--GRUPOS PESTAÑA MENU ADMINISTRACION-->
        <!--EQUIPOS ADICIONALES-->
        <!--ADMINSITRADOR-->
        <record model="res.groups" id="group_administracion_equipos_adicionales">
            <field name="name">Administrador Equipos Adicionales</field>
            <field name="category_id" ref="module_menu_administracion"/>
        </record>
        <!--VIZUALIZADOR-->
        <record model="res.groups" id="group_lectura_equipos_adicionales">
            <field name="name">Visualizar Equipos Adicionales</field>
            <field name="category_id" ref="module_menu_administracion"/>
        </record>
        <!--EQUIPOS DE DETECCION-->
        <!--ADMINSITRADOR-->
        <record model="res.groups" id="group_administracion_equipos_deteccion">
            <field name="name">Administrador Equipos Deteccion</field>
            <field name="category_id" ref="module_menu_administracion"/>
        </record>
        <!--VIZUALIZADOR-->
        <record model="res.groups" id="group_lectura_equipos_deteccion">
            <field name="name">Visualizar Equipos Deteccion</field>
            <field name="category_id" ref="module_menu_administracion"/>
        </record>
        <!--EQUIPOS DE COMUNICACION-->
        <!--ADMINSITRADOR-->
        <record model="res.groups" id="group_administracion_equipos_comunicacion">
            <field name="name">Administrador Equipos Comunicacion</field>
            <field name="category_id" ref="module_menu_administracion"/>
        </record>
        <!--VIZUALIZADOR-->
        <record model="res.groups" id="group_lectura_equipos_comunicacion">
            <field name="name">Visualizar Equipos de comunicacion</field>
            <field name="category_id" ref="module_menu_administracion"/>
        </record>
        <!--EQUIPOS DE NAVEGACION-->
        <!--ADMINSITRADOR-->
        <record model="res.groups" id="group_administracion_equipos_navegacion">
            <field name="name">Administrador Equipos Navegacion</field>
            <field name="category_id" ref="module_menu_administracion"/>
        </record>
        <!--VIZUALIZADOR-->
        <record model="res.groups" id="group_lectura_equipos_navegacion">
            <field name="name">Visualizar Equipos Navegacion</field>
            <field name="category_id" ref="module_menu_administracion"/>
        </record>




        <!-- REGLAS -->
        <!--ADMINISTRADOR-->
        <record id="flight_rule_pvs_all" model="ir.rule">
            <field name="name">Plan de Vuelo Semanal all</field>
            <field ref="model_flight_gestion_plan_semanal" name="model_id"/>
            <field name="domain_force">[(1, '=', 1)]</field>
            <field name="groups" eval="[(4, ref('group_administrador_admin'))]"/>
        </record>
        <record id="flight_rule_vuelos_planificados_all" model="ir.rule">
            <field name="name">Vuelos Planificados all</field>
            <field ref="model_flight_vuelos_planificados" name="model_id"/>
            <field name="domain_force">[(1, '=', 1)]</field>
            <field name="groups" eval="[(4, ref('group_administrador_admin'))]"/>
        </record>
        <!--REGLA DETALLE PLAN DE VUELO SEMANAL-->
        <!--PILOTOS-->
        <!-- <record id="flight_rule_vuelos_planificados_lead" model="ir.rule">
            <field name="name">Vuelos Planificados only Leads</field>
            <field ref="model_flight_vuelos_planificados" name="model_id"/>
            <field name="domain_force">[('piloto_id.tripulante_id.user_id','=',user.id),('rutas_ids.horas_de_vuelo','=',0.0)]</field>
            <field name="groups" eval="[(4, ref('group_pilotos'))]"/>
        </record> -->

        <!--PILOTOS INTERMEDIO-->
        <record id="hr_attendance_rule_attendance_piloto_admin" model="ir.rule">
            <field name="name">Empleados access view all</field>
            <field ref="model_hr_employee" name="model_id"/>
            <field name="domain_force">[(1, '=', 1)]</field>
            <field name="groups" eval="[(4, ref('group_pilotos'))]"/>
        </record>

        <record id="hr_employee_comp_rule2" model="ir.rule">
            <field name="name">Employee multi company rule2</field>
            <field name="model_id" ref="model_hr_employee"/>
            <field name="global" eval="True"/>
              <field name="domain_force">[(1, '=', 1)]</field>
            <field name="groups" eval="[(4, ref('group_pilotos'))]"/>
        </record>

        <!-- <record id="hr_employee_comp_rule_piloto_admin" model="ir.rule">
            <field name="name">Employee multi company rule</field>
            <field name="model_id" ref="model_hr_employee"/>
            <field name="global" eval="True"/>
            <field name="domain_force">[(1, '=', 1)]</field>
            <field name="groups" eval="[(4, ref('group_piloto_admin'))]"/>
        </record> -->

        <record id="flight_rule_vuelos_planificados_intermedio" model="ir.rule">
            <field name="name">Vuelos Planificados only Leads</field>
            <field ref="model_flight_vuelos_planificados" name="model_id"/>
            <field name="domain_force">[(1, '=', 1)]</field>
            <field name="groups" eval="[(4, ref('group_piloto_admin'))]"/>
        </record>
        <!-- <record id="flight_rule_pvs_all_piloto_admin" model="ir.rule">
            <field name="name">Plan de Vuelo Semanal all</field>
            <field ref="model_flight_gestion_plan_semanal" name="model_id"/>
            <field name="domain_force">[(1, '=', 1)]</field>
            <field name="groups" eval="[(4, ref('group_piloto_admin'))]"/>
        </record> -->


        <!-- REGLAS DE APROBACIONES -->
        <!-- <record id="flight_rule_gestion_plan_semanal_operador" model="ir.rule">
            <field name="name">Gestion Plan Semanal operador</field>
            <field ref="model_flight_gestion_plan_semanal" name="model_id"/>
            <field name="domain_force">[('state','=','ACTIVO')]</field>
            <field name="groups" eval="[(4, ref('group_operador_escuadron'))]"/>
        </record>

        <record id="flight_rule_gestion_plan_semanal_jefe_operaciones" model="ir.rule">
            <field name="name">Gestion Plan Semanal jefe de operaciones</field>
            <field ref="model_flight_gestion_plan_semanal" name="model_id"/>
            <field name="domain_force">[('state','=','APROBADO_OPERADOR')]</field>            
            <field name="groups" eval="[(4, ref('group_jefe_operaciones_reparto'))]"/>
        </record>

         <record id="flight_rule_gestion_plan_semanal_comandante" model="ir.rule">
            <field name="name">Gestion Plan Semanal comandante</field>
            <field ref="model_flight_gestion_plan_semanal" name="model_id"/>
            <field name="domain_force">[('state','=','APROBADO_JEFE_OPERACIONES')]</field>            
            <field name="groups" eval="[(4, ref('group_comandante_reparto'))]"/>
        </record>

        <record id="flight_rule_gestion_plan_semanal_jefe_operaciones_comando" model="ir.rule">
            <field name="name">Gestion Plan Semanal comandante</field>
            <field ref="model_flight_gestion_plan_semanal" name="model_id"/>
            <field name="domain_force">[('state','=','APROBADO_COMANDANTE')]</field>            
            <field name="groups" eval="[(4, ref('group_jefe_operaciones_comando'))]"/>
        </record>

        <record id="flight_rule_gestion_plan_semanal_comando_coavna" model="ir.rule">
            <field name="name">Gestion Plan Semanal comandante</field>
            <field ref="model_flight_gestion_plan_semanal" name="model_id"/>
            <field name="domain_force">[('state','=','APROBADO_JEFE_OPERACIONES_COAVNA')]</field>            
            <field name="groups" eval="[(4, ref('group_comandante_aviacion'))]"/>
        </record> -->


    </data>
</odoo>