id,name,model_id:id,group_id:id,perm_read,perm_write,perm_create,perm_unlink

access_asset_reparto_dependiente_cliente,asset.reparto.dependiente cliente,model_asset_reparto_dependiente,asset.group_mro_customer,1,0,0,0
access_asset_reparto_dependiente_usuario,asset.reparto.dependiente usuario,model_asset_reparto_dependiente,asset.group_mro_user,1,0,1,0
access_asset_reparto_dependiente_administrador,asset.reparto.dependiente administrador,model_asset_reparto_dependiente,asset.group_mro_manager,1,1,1,1

access_asset_items_cliente,asset.items cliente,model_asset_items,asset.group_mro_customer,1,0,0,0
access_asset_items_usuario,asset.items usuario,model_asset_items,asset.group_mro_user,1,1,0,0
access_asset_items_administrador,asset.items administrador,model_asset_items,asset.group_mro_manager,1,1,1,0


access_asset_subcategoria_cliente,asset.subcategoria cliente,model_asset_subcategoria,asset.group_mro_customer,1,0,0,0
access_asset_subcategoria_usuario,asset.subcategoria usuario,model_asset_subcategoria,asset.group_mro_user,1,1,0,0
access_asset_subcategoria_administrador,asset.subcategoria administrador,model_asset_subcategoria,asset.group_mro_manager,1,1,1,0

access_asset_componente_cliente,asset.componente cliente,model_asset_componente,asset.group_mro_customer,1,0,0,0
access_asset_componente_usuario,asset.componente usuario,model_asset_componente,asset.group_mro_user,1,1,0,0
access_asset_componente_administrador,asset.componente administrador,model_asset_componente,asset.group_mro_manager,1,1,1,1

access_asset_atributo_cliente,asset.atributo cliente,model_asset_atributo,asset.group_mro_customer,1,0,0,0
access_asset_atributo_usuario,asset.atributo usuario,model_asset_atributo,asset.group_mro_user,1,1,0,0
access_asset_atributo_administrador,asset.atributo administrador,model_asset_atributo,asset.group_mro_manager,1,1,1,1

access_asset_lineas_atributo_cliente,asset.lineas.atributo cliente,model_asset_lineas_atributo,asset.group_mro_customer,1,0,0,0
access_asset_lineas_atributo_usuario,asset.lineas.atributo usuario,model_asset_lineas_atributo,asset.group_mro_user,1,1,0,0
access_asset_lineas_atributo_administrador,asset.lineas.atributo administrador,model_asset_lineas_atributo,asset.group_mro_manager,1,1,1,1




asset.access_asset_asset_customer,asset.asset customer,asset.model_asset_asset,asset.group_mro_customer,1,0,0,0
asset.access_asset_asset_user, asset.asset usuario,asset.model_asset_asset,asset.group_mro_user,1,1,0,0
asset.access_asset_asset_manager,asset.asset administrador,asset.model_asset_asset,asset.group_mro_manager,1,1,1,0

access_asset_periferico_cliente,asset.periferico cliente,model_asset_periferico,asset.group_mro_customer,1,0,0,0
access_asset_periferico_usuario,asset.periferico usuario,model_asset_periferico,asset.group_mro_user,1,1,0,0
access_asset_periferico_administrador,asset.periferico administrador,model_asset_periferico,asset.group_mro_manager,1,1,1,1

asset.access_asset_category_customer,asset.category cliente,asset.model_asset_category,asset.group_mro_customer,1,0,0,0
asset.access_asset_category_user,asset.category usuario,asset.model_asset_category,asset.group_mro_user,1,1,0,0
asset.access_asset_category_manager,asset.category administrador,asset.model_asset_category,asset.group_mro_manager,1,1,1,1

access_asset_grupo_cliente,asset.grupo cliente,model_asset_grupo,asset.group_mro_customer,1,0,0,0
access_asset_grupo_usuario,asset.grupo usuario,model_asset_grupo,asset.group_mro_user,1,1,0,0
access_asset_grupo_administrador,asset.grupo administrador,model_asset_grupo,asset.group_mro_manager,1,1,1,1

access_asset_categoria_servicio_cliente,asset.categoria.servicio cliente,model_asset_categoria_servicio,asset.group_mro_customer,1,0,0,0
access_asset_categoria_servicio_usuario,asset.categoria.servicio usuario,model_asset_categoria_servicio,asset.group_mro_user,1,1,0,0
access_asset_categoria_servicio_administrador,asset.categoria.servicio administrador,model_asset_categoria_servicio,asset.group_mro_manager,1,1,1,1

access_asset_catalogo_cliente,asset.catalogo cliente,model_asset_catalogo,asset.group_mro_customer,1,0,0,0
access_asset_catalogo_usuario,asset.catalogo usuario,model_asset_catalogo,asset.group_mro_user,1,1,0,0
access_asset_catalogo_administrador,asset.catalogo administrador,model_asset_catalogo,asset.group_mro_manager,1,1,1,1

access_asset_marca_cliente,asset.marca cliente,model_asset_marca,asset.group_mro_customer,1,0,0,0
access_asset_marca_usuario,asset.marca usuario,model_asset_marca,asset.group_mro_user,1,1,1,0
access_asset_marca_administrador,asset.marca administrador,model_asset_marca,asset.group_mro_manager,1,1,1,1

access_asset_modelo_cliente,asset.modelo cliente,model_asset_modelo,asset.group_mro_customer,1,0,0,0
access_asset_modelo_usuario,asset.modelo usuario,model_asset_modelo,asset.group_mro_user,1,1,0,0
access_asset_modelo_administrador,asset.modelo administrador,model_asset_modelo,asset.group_mro_manager,1,1,1,1

access_asset_atributo_valor_cliente,asset.atributo.valor cliente,model_asset_atributo_valor,asset.group_mro_customer,1,0,0,0
access_asset_atributo_valor_usuario,asset.atributo.valor usuario,model_asset_atributo_valor,asset.group_mro_user,1,1,0,0
access_asset_atributo_valor_administrador,asset.atributo.valor administrador,model_asset_atributo_valor,asset.group_mro_manager,1,1,1,1

access_asset_lineas_variantes_cliente,asset.lineas.variantes cliente,model_asset_lineas_variantes,asset.group_mro_customer,1,1,1,0
access_asset_lineas_variantes_administrador,asset.lineas.variantes administrador,model_asset_lineas_variantes,asset.group_mro_manager,1,1,1,1

access_asset_categoria_atributo_cliente,asset.categoria.atributo cliente,model_asset_categoria_atributo,asset.group_mro_customer,1,0,0,0
access_asset_categoria_atributo_administrador,asset.categoria.atributo administrador,model_asset_categoria_atributo,asset.group_mro_manager,1,1,1,1






