<?xml version="1.0" encoding="utf-8"?>
<odoo>
    <data noupdate="1">
        <!--CATEGORIA-->
       

        <!-- Ver los repartos dependientes segun la compañia -->
        <record model="ir.rule" id="asset_reparto_dependiente_rule">
            <field name="name">reparto dependiente multi compañia</field>
            <field name="model_id" search="[('model','=','asset.reparto.dependiente')]" model="ir.model"/>
            <field name="groups" eval="[(4, ref('asset.group_mro_customer'))]"/>
            <field name="domain_force">[('company_id', 'in', company_ids)]</field>
        </record>

        <!-- Ver solo los activos que le corresponden -->
        <record model="ir.rule" id="asset_activos_rule_customer">
            <field name="name">Activos por responsable</field>
            <field name="model_id" search="[('model','=','asset.asset')]" model="ir.model"/>
            <field name="groups" eval="[(4, ref('asset.group_mro_customer'))]"/>
            <field name="domain_force">[('user_id', '=', user.id),('reparto_id', 'in', company_ids)]</field>
        </record>

       
        <record model="ir.rule" id="asset_activos_rule_full">
            <field name="name">Todos los activos</field>
            <field name="model_id" search="[('model','=','asset.asset')]" model="ir.model"/>
            <field name="groups" eval="[(4, ref('asset.group_mro_user')),(4, ref('asset.group_mro_mesa_ayuda')), (4, ref('asset.group_mro_manager'))]"/>
            <field name="domain_force">[(1, '=', 1)]</field>
        </record>
    </data>
</odoo>