<?xml version="1.0" encoding="utf-8"?>
<openerp>
    <data noupdate="1">
        <!-- Company data -->
        <record id="company_are" model="res.company">
            <field name="name">Armada del Ecuador</field>
            <field name="siglas">ARE</field>
            <field name="currency_id" ref="base.USD"/>
        </record>
        <record id="company_esmaar" model="res.company">
            <field name="name">Estado Mayor de la Armada</field>
            <field name="siglas">ESMAAR</field>
            <field name="currency_id" ref="base.USD"/>
            <field name="parent_id" ref="company_are"/>
        </record>
        <record id="company_dirtic" model="res.company">
            <field name="name">Dirección de Tecnologías de la Información y Comunicaciones</field>
            <field name="siglas">DIRTIC</field>
            <field name="currency_id" ref="base.USD"/>
            <field name="parent_id" ref="company_esmaar"/>
        </record>
        <record id="base.main_company" model="res.company">            
            <field name="siglas">AAAA</field>           
        </record>
          <record id="company_coopna" model="res.company">
            <field name="name">Comando de Operaciones Navales</field>
            <field name="siglas">COOPNA</field>
            <field name="currency_id" ref="base.USD"/>
            <field name="parent_id" ref="company_esmaar"/>
        </record>

        <record id="company_coavna" model="res.company">
            <field name="name">Comando de la Aviacion Naval</field>
            <field name="siglas">COAVNA</field>
            <field name="currency_id" ref="base.USD"/>
            <field name="parent_id" ref="company_coopna"/>
        </record>

        <record id="company_eschel" model="res.company">
            <field name="name">Escuadron de Helicòpteros</field>
            <field name="siglas">ESCHEL</field>
            <field name="currency_id" ref="base.USD"/>
            <field name="parent_id" ref="company_coavna"/>
        </record>

        <record id="company_esceam" model="res.company">
            <field name="name">Escuadron de Exploraciòn Aeromarìtima</field>
            <field name="siglas">ESCEAM</field>
            <field name="currency_id" ref="base.USD"/>
            <field name="parent_id" ref="company_coavna"/>
        </record>

        <record id="company_escain" model="res.company">
            <field name="name">Escuadron de Aeromarìtima Insular</field>
            <field name="siglas">ESCAIN</field>
            <field name="currency_id" ref="base.USD"/>
            <field name="parent_id" ref="company_coavna"/>
        </record>

        <record id="company_uav" model="res.company">
            <field name="name">Escuadron de UAV</field>
            <field name="siglas">ESCUAV</field>
            <field name="currency_id" ref="base.USD"/>
            <field name="parent_id" ref="company_coavna"/>
        </record>
    </data>
</openerp>
