<?xml version="1.0" encoding="utf-8"?>
<openerp>
    <data noupdate="1">
        <!-- Data de Usuarios  -->
        <record id="user_rosales" model="res.users">
            <field name="name">rosales</field>
            <field name="login">rosales@armada.mil.ec</field>
            <field name="password">rosales</field>
            <field name="company_ids" eval="[(4, ref('company_dirtic'))]"/>
            <field name="company_id" ref="company_dirtic"/>
            <field name="email">rosales@armada.mil.ec</field>           
        </record>
        <record id="user_granda" model="res.users">
            <field name="name">granda</field>
            <field name="login">granda@armada.mil.ec</field>
            <field name="password">granda</field>
            <field name="company_ids" eval="[(4, ref('company_dirtic'))]"/>
            <field name="company_id" ref="company_dirtic"/>
            <field name="email">granda@armada.mil.ec</field>           
        </record>
        <record id="user_tomala" model="res.users">
            <field name="name">tomala</field>
            <field name="login">tomala@armada.mil.ec</field>
            <field name="password">tomala</field>
            <field name="company_ids" eval="[(4, ref('company_dirtic'))]"/>
            <field name="company_id" ref="company_dirtic"/>
            <field name="email">granda@armada.mil.ec</field>            
        </record>
        <record id="user_quito" model="res.users">
            <field name="name">quito</field>
            <field name="login">quito@armada.mil.ec</field>
            <field name="password">quito</field>
            <field name="company_ids" eval="[(4, ref('company_dirtic'))]"/>
            <field name="company_id" ref="company_dirtic"/>
            <field name="email">quito@armada.mil.ec</field>          
        </record>
        <record id="user_macancela" model="res.users">
            <field name="name">macancela</field>
            <field name="login">macancela@armada.mil.ec</field>
            <field name="password">macancela</field>
            <field name="company_ids" eval="[(4, ref('company_dirtic'))]"/>
            <field name="company_id" ref="company_dirtic"/>
            <field name="email">macancela@armada.mil.ec</field>          
        </record>
        <record id="user_tamami" model="res.users">
            <field name="name">tamami</field>
            <field name="login">tamami@armada.mil.ec</field>
            <field name="password">tamami</field>
            <field name="company_ids" eval="[(4, ref('company_dirtic'))]"/>
            <field name="company_id" ref="company_dirtic"/>
            <field name="email">tamami@armada.mil.ec</field>          
        </record>
        <record id="user_moran" model="res.users">
            <field name="name">moran</field>
            <field name="login">moran@armada.mil.ec</field>
            <field name="password">moran</field>
            <field name="company_ids" eval="[(4, ref('company_dirtic'))]"/>
            <field name="company_id" ref="company_dirtic"/>
            <field name="email">moran@armada.mil.ec</field>
         </record>

             <!-- ESCHEL -->
       <!-- OPERACIONES -->
        <record id="user_romo" model="res.users">
            <field name="name">romo</field>
            <field name="login">romo@armada.mil.ec</field>
            <field name="password">admin</field>
            <field name="company_ids" eval="[(4, ref('company_eschel'))]"/>
            <field name="company_id" ref="company_eschel"/>
            <field name="email">romo@armada.mil.ec</field>
            <!-- <field name="groups_id" eval="[(4,ref('asset.group_mro_customer'))]"/> -->
        </record>
        <record id="user_narvaez" model="res.users">
            <field name="name">narvaez</field>
            <field name="login">narvaez@armada.mil.ec</field>
            <field name="password">admin</field>
            <field name="company_ids" eval="[(4, ref('company_eschel'))]"/>
            <field name="company_id" ref="company_eschel"/>
            <field name="email">narvaez@armada.mil.ec</field>
            <!-- <field name="groups_id" eval="[(4,ref('asset.group_mro_customer'))]"/> -->
        </record>
        <record id="user_zambrano" model="res.users">
            <field name="name">zambrano</field>
            <field name="login">zambrano@armada.mil.ec</field>
            <field name="password">admin</field>
            <field name="company_ids" eval="[(4, ref('company_eschel'))]"/>
            <field name="company_id" ref="company_eschel"/>
            <field name="email">zambrano@armada.mil.ec</field>
            <!-- <field name="groups_id" eval="[(4,ref('flight.group_piloto_admin'))]"/> -->
        </record>
        <record id="user_barrezueta" model="res.users">
            <field name="name">barrezueta</field>
            <field name="login">barrezueta@armada.mil.ec</field>
            <field name="password">admin</field>
            <field name="company_ids" eval="[(4, ref('company_eschel'))]"/>
            <field name="company_id" ref="company_eschel"/>
            <field name="email">barrezueta@armada.mil.ec</field>
            <!-- <field name="groups_id" eval="[(4,ref('asset.group_mro_customer'))]"/> -->
        </record>

       <!-- SEGURIDAD -->
        <record id="user_heredia" model="res.users">
            <field name="name">heredia</field>
            <field name="login">heredia@armada.mil.ec</field>
            <field name="password">admin</field>
            <field name="company_ids" eval="[(4, ref('company_eschel'))]"/>
            <field name="company_id" ref="company_eschel"/>
            <field name="email">heredia@armada.mil.ec</field>
            <!-- <field name="groups_id" eval="[(4,ref('asset.group_mro_customer'))]"/> -->
        </record>
        <record id="user_valverde_victor" model="res.users">
            <field name="name">valverde</field>
            <field name="login">valverde@armada.mil.ec</field>
            <field name="password">admin</field>
            <field name="company_ids" eval="[(4, ref('company_eschel'))]"/>
            <field name="company_id" ref="company_eschel"/>
            <field name="email">valverde@armada.mil.ec</field>
            <!-- <field name="groups_id" eval="[(4,ref('asset.group_mro_customer'))]"/> -->
        </record>
       <!-- Mantenimiento -->
        <record id="user_anda" model="res.users">
            <field name="name">anda</field>
            <field name="login">anda@armada.mil.ec</field>
            <field name="password">admin</field>
            <field name="company_ids" eval="[(4, ref('company_eschel'))]"/>
            <field name="company_id" ref="company_eschel"/>
            <field name="email">anda@armada.mil.ec</field>
            <!-- <field name="groups_id" eval="[(4,ref('asset.group_mro_customer'))]"/> -->
        </record>
        <record id="user_rivera_mario" model="res.users">
            <field name="name">rivera mario</field>
            <field name="login">riveram@armada.mil.ec</field>
            <field name="password">admin</field>
            <field name="company_ids" eval="[(4, ref('company_eschel'))]"/>
            <field name="company_id" ref="company_eschel"/>
            <field name="email">riveram@armada.mil.ec</field>
            <!-- <field name="groups_id" eval="[(4,ref('asset.group_mro_customer'))]"/> -->
        </record>
    
        <record id="user_salazar" model="res.users">
            <field name="name">salazar</field>
            <field name="login">salazar@armada.mil.ec</field>
            <field name="password">admin</field>
            <field name="company_ids" eval="[(4, ref('company_eschel'))]"/>
            <field name="company_id" ref="company_eschel"/>
            <field name="email">salazar@armada.mil.ec</field>
            <!-- <field name="groups_id" eval="[(4,ref('asset.group_mro_customer'))]"/> -->
        </record>
        <record id="user_rivera_carlos" model="res.users">
            <field name="name">rivera carlos</field>
            <field name="login">riverac@armada.mil.ec</field>
            <field name="password">admin</field>
            <field name="company_ids" eval="[(4, ref('company_eschel'))]"/>
            <field name="company_id" ref="company_eschel"/>
            <field name="email">riverac@armada.mil.ec</field>
            <!-- <field name="groups_id" eval="[(4,ref('asset.group_mro_customer'))]"/> -->
        </record>
        

        <record id="user_gerson_narvaez" model="res.users">
            <field name="name">Gerson Narvaez</field>
            <field name="login">gnarvaezg@armada.mil.ec</field>
            <field name="password">admin</field>
            <field name="company_ids" eval="[(4, ref('company_eschel'))]"/>
            <field name="company_id" ref="company_eschel"/>
            <field name="email">gnarvaez@armada.mil.ec</field>
            <!-- <field name="groups_id" eval="[(4,ref('asset.group_mro_customer'))]"/> -->
        </record>
        

        <record id="user_coque_cristobal" model="res.users">
            <field name="name">coque cristobalo</field>
            <field name="login">coque@armada.mil.ec</field>
            <field name="password">admin</field>
            <field name="company_ids" eval="[(4, ref('company_eschel'))]"/>
            <field name="company_id" ref="company_eschel"/>
            <field name="email">ccoque@armada.mil.ec</field>
            <!-- <field name="groups_id" eval="[(4,ref('asset.group_mro_customer'))]"/> -->
        </record>
   
      <!-- ESCEAM -->
       <!-- OPERACIONES -->
        <record id="user_romo2" model="res.users">
            <field name="name">romo2</field>
            <field name="login">romo2@armada.mil.ec</field>
            <field name="password">admin</field>
            <field name="company_ids" eval="[(4, ref('company_esceam'))]"/>
            <field name="company_id" ref="company_esceam"/>
            <field name="email">romo2@armada.mil.ec</field>
            <!-- <field name="groups_id" eval="[(4,ref('asset.group_mro_customer'))]"/> -->
        </record>
        <record id="user_narvaez2" model="res.users">
            <field name="name">narvaez2</field>
            <field name="login">narvaez2@armada.mil.ec</field>
            <field name="password">admin</field>
            <field name="company_ids" eval="[(4, ref('company_esceam'))]"/>
            <field name="company_id" ref="company_esceam"/>
            <field name="email">narvaez2@armada.mil.ec</field>
            <!-- <field name="groups_id" eval="[(4,ref('asset.group_mro_customer'))]"/> -->
        </record>
        <record id="user_zambrano2" model="res.users">
            <field name="name">zambrano2</field>
            <field name="login">zambrano2@armada.mil.ec</field>
            <field name="password">admin</field>
            <field name="company_ids" eval="[(4, ref('company_esceam'))]"/>
            <field name="company_id" ref="company_esceam"/>
            <field name="email">zambrano2@armada.mil.ec</field>
            <!-- <field name="groups_id" eval="[(4,ref('asset.group_mro_customer'))]"/> -->
        </record>
        <record id="user_barrezueta2" model="res.users">
            <field name="name">barrezueta2</field>
            <field name="login">barrezueta2@armada.mil.ec</field>
            <field name="password">admin</field>
            <field name="company_ids" eval="[(4, ref('company_esceam'))]"/>
            <field name="company_id" ref="company_esceam"/>
            <field name="email">barrezueta2@armada.mil.ec</field>
            <!-- <field name="groups_id" eval="[(4,ref('asset.group_mro_customer'))]"/> -->
        </record>

       <!-- SEGURIDAD -->
        <record id="user_heredia2" model="res.users">
            <field name="name">heredia2</field>
            <field name="login">heredia2@armada.mil.ec</field>
            <field name="password">admin</field>
            <field name="company_ids" eval="[(4, ref('company_esceam'))]"/>
            <field name="company_id" ref="company_esceam"/>
            <field name="email">heredia2@armada.mil.ec</field>
            <!-- <field name="groups_id" eval="[(4,ref('asset.group_mro_customer'))]"/> -->
        </record>
        <record id="user_valverde_victor2" model="res.users">
            <field name="name">valverde2</field>
            <field name="login">valverde2@armada.mil.ec</field>
            <field name="password">admin</field>
            <field name="company_ids" eval="[(4, ref('company_esceam'))]"/>
            <field name="company_id" ref="company_esceam"/>
            <field name="email">valverde2@armada.mil.ec</field>
            <!-- <field name="groups_id" eval="[(4,ref('asset.group_mro_customer'))]"/> -->
        </record>
       <!-- Mantenimiento -->
        <record id="user_anda2" model="res.users">
            <field name="name">anda2</field>
            <field name="login">anda2@armada.mil.ec</field>
            <field name="password">admin</field>
            <field name="company_ids" eval="[(4, ref('company_esceam'))]"/>
            <field name="company_id" ref="company_esceam"/>
            <field name="email">anda2@armada.mil.ec</field>
        </record>
        
        <record id="user_rivera_mario2" model="res.users">
            <field name="name">rivera mario2</field>
            <field name="login">riveram2@armada.mil.ec</field>
            <field name="password">admin</field>
            <field name="company_ids" eval="[(4, ref('company_esceam'))]"/>
            <field name="company_id" ref="company_esceam"/>
            <field name="email">riveram2@armada.mil.ec</field>
        </record>
    
        <record id="user_salazar2" model="res.users">
            <field name="name">salazar2</field>
            <field name="login">salazar2@armada.mil.ec</field>
            <field name="password">admin</field>
            <field name="company_ids" eval="[(4, ref('company_esceam'))]"/>
            <field name="company_id" ref="company_esceam"/>
            <field name="email">salazar2@armada.mil.ec</field>
        </record>

        <record id="user_rivera_carlos2" model="res.users">
            <field name="name">rivera carlos2</field>
            <field name="login">riverac2@armada.mil.ec</field>
            <field name="password">admin</field>
            <field name="company_ids" eval="[(4, ref('company_esceam'))]"/>
            <field name="company_id" ref="company_esceam"/>
            <field name="email">riverac2@armada.mil.ec</field>
        </record>        

        <record id="user_gerson_narvaez2" model="res.users">
            <field name="name">GERSON NARVAEZ2</field>
            <field name="login">gersonnarvaez2@armada.mil.ec</field>
            <field name="password">admin</field>
            <field name="company_ids" eval="[(4, ref('company_esceam'))]"/>
            <field name="company_id" ref="company_esceam"/>
            <field name="email">gersonnarvaez2@armada.mil.ec</field>            
        </record>


        <record id="user_coque_cristobal2" model="res.users">
            <field name="name">coque cristobalo2</field>
            <field name="login">coque2@armada.mil.ec</field>
            <field name="password">admin</field>
            <field name="company_ids" eval="[(4, ref('company_esceam'))]"/>
            <field name="company_id" ref="company_esceam"/>
            <field name="email">coque2@armada.mil.ec</field>
        </record>

      <!-- COAVNA -->
       <!-- COMANDO -->
        <record id="user_nivela" model="res.users">
            <field name="name">nivela</field>
            <field name="login">nivela@armada.mil.ec</field>
            <field name="password">admin</field>
            <!-- <field name="company_ids" eval="[(4,ref('company_coavna')),(4,ref('company_esceam')),(4,ref('company_eschel'))]"/> -->
            <field name="company_ids" eval="[(4,ref('company_coavna'))]"/>
            <field name="company_id" ref="company_coavna"/>
            <field name="email">nivela@armada.mil.ec</field>
        </record>
       <!-- OPERACIONES -->
        <record id="user_solano" model="res.users">
            <field name="name">solano</field>
            <field name="login">solano@armada.mil.ec</field>
            <field name="password">admin</field>
            <!-- <field name="company_ids" eval="[(4,ref('company_coavna')),(4,ref('company_esceam')),(4,ref('company_eschel'))]"/> -->
            <field name="company_ids" eval="[(4,ref('company_coavna'))]"/>
            <field name="company_id" ref="company_coavna"/>
            <field name="email">solano@armada.mil.ec</field>
        </record>
    </data>
</openerp>
