<?xml version="1.0" encoding="utf-8"?>
<odoo>
    <data noupdate="0">
       <function name="write" model="ir.model.data">
            <function name="search" model="ir.model.data">
                <value eval="[('module', '=', 'hr'), ('name', '=', 'hr_employee_public_comp_rule')]" />
            </function>
            <value eval="{'noupdate': False}" />
        </function>

        <record id="hr.hr_employee_public_comp_rule" model="ir.rule">
            <field name="domain_force">[(1, '=', 1)]</field>
        </record>

        <function name="write" model="ir.model.data">
            <function name="search" model="ir.model.data">
                <value eval="[('module', '=', 'hr'), ('name', '=', 'hr_employee_public_comp_rule')]" />
            </function>
            <value eval="{'noupdate': True}" />
        </function>

    </data>
</odoo>